unique_work_order_no,create_date_raw,work_order_no,equipment_asset_no,datetime_open_raw,datetime_closed_raw,labor_cost_raw,parts_cost_raw,commercial_cost_raw,total_cost_raw,vendor_id,vendor_name,clean_record_status,alteryx_processed_at,source_table,source_record_id,blocking_issue_summary,severity,has_review_required_exception
WO-2024-002241,01/06/2025 14:05,102241,10274,2025-01-07 18:05:00,2025-01-06 15:05:00,805.74,1569.59,893.03,3268.36,V2006,City Wide Tire and Brake,EXCLUDED_REVIEW_REQUIRED,2026-05-29 14:00:10,raw.maintenance_work_orders_raw,WO-2024-002241,Closed date before open date,High,1
WO-2024-000999,2024-08-05 21:20:00,100999,10259,2024-08-07 08:20:00,2024-08-07 04:20:00,"$1,381.36",2312.21,886.61,4580.18,V2057,City Wide Tire and Brake,EXCLUDED_REVIEW_REQUIRED,2026-05-29 14:00:10,raw.maintenance_work_orders_raw,WO-2024-000999,Closed date before open date,High,1
WO-2026-000854,2025-01-25 17:45:00,100854,10324,2025-01-26 01:45:00,2025-01-29 19:45:00,2110.69,1964.61,0.00,4075.30,V2017,Partner Mobile Mechanics,EXCLUDED_REVIEW_REQUIRED,2026-05-29 14:00:10,raw.maintenance_work_orders_raw,WO-2026-000854,Duplicate work order number,High,1
WO-2026-000854,2025-01-25 17:45:00,100854,10324,2025-01-26 01:45:00,2025-01-29 19:45:00,2110.69,1964.61,0.00,4075.30,V2017,Partner Mobile Mechanics,EXCLUDED_REVIEW_REQUIRED,2026-05-29 14:00:10,raw.maintenance_work_orders_raw,WO-2026-000854,Duplicate work order number,High,1
WO-2026-001358,2025-03-05 01:30:00,101358,10121,2025-03-05 07:30:00,2025-03-07 01:30:00,1085.28,613.93,446.60,2145.81,V2046,Atlas Heavy Truck,EXCLUDED_REVIEW_REQUIRED,2026-05-29 14:00:10,raw.maintenance_work_orders_raw,WO-2026-001358,Duplicate work order number,High,1
WO-2026-001358,2025-03-05 01:30:00,101358,10121,2025-03-05 07:30:00,2025-03-07 01:30:00,1085.28,613.93,446.60,2145.81,V2046,Atlas Heavy Truck,EXCLUDED_REVIEW_REQUIRED,2026-05-29 14:00:10,raw.maintenance_work_orders_raw,WO-2026-001358,Duplicate work order number,High,1
WO-2024-000798,2024-11-30 07:30:00,100798,99861,2024-11-30 15:30:00,2024-12-04 19:30:00,1298.50,1191.14,0.00,2489.64,V2019,Central Parts Warehouse,EXCLUDED_REVIEW_REQUIRED,2026-05-29 14:00:10,raw.maintenance_work_orders_raw,WO-2024-000798,Orphan equipment reference,High,1
WO-2025-000271,2026-01-10 15:05:00,100271,99372,2026-01-11 01:05:00,2026-01-20 03:05:00,1333.44,"",0.00,3668.64,V9775,Midwest Diesel Service,EXCLUDED_REVIEW_REQUIRED,2026-05-29 14:00:10,raw.maintenance_work_orders_raw,WO-2025-000271,Orphan equipment reference,High,1
WO-2025-003679,2025-02-05 16:20:00,103679,"",2025-02-07 16:20:00,2025-02-15 23:20:00,2278.77,624.03,742.76,"$3,645.56",V2058,North Star Garage,EXCLUDED_REVIEW_REQUIRED,2026-05-29 14:00:10,raw.maintenance_work_orders_raw,WO-2025-003679,Missing equipment number,High,1
WO-2025-002809,2024-11-20 10:30:00,102809,10001,2024-11-21 02:30:00,2024-11-24 06:30:00,522.23,"$1,079.81",642.62,2244.66,V2055,Allied Mechanics,EXCLUDED_REVIEW_REQUIRED,2026-05-29 14:00:10,raw.maintenance_work_orders_raw,WO-2025-002809,Duplicate work order number,High,1
WO-2025-002809,2024-11-20 10:30:00,102809,10001,2024-11-21 02:30:00,2024-11-24 06:30:00,522.23,"$1,079.81",642.62,2244.66,V2055,Allied Mechanics,EXCLUDED_REVIEW_REQUIRED,2026-05-29 14:00:10,raw.maintenance_work_orders_raw,WO-2025-002809,Duplicate work order number,High,1
WO-2026-000791,2024-05-31 01:15:00,100791,10141,2024-06-01 19:15:00,2024-06-09 06:15:00,-1842.36,1550.02,0.00,3392.38,V2022,Precision Hydraulics,EXCLUDED_REVIEW_REQUIRED,2026-05-29 14:00:10,raw.maintenance_work_orders_raw,WO-2026-000791,Maintenance cost validation issue,High,1
WO-2026-001007,2024-07-19 18:30:00,101007,10064,2024-07-21 13:30:00,2024-07-18 14:30:00,523.11,18.01,0.00,541.12,V2047,Precision Hydraulics,EXCLUDED_REVIEW_REQUIRED,2026-05-29 14:00:10,raw.maintenance_work_orders_raw,WO-2026-001007,Closed date before open date,High,1
WO-2026-001952,2025-09-24 07:00:00,101952,10231,2025-09-24 07:00:00,2025-09-29 05:00:00,-3378.37,22.04,64.07,3464.48,V2027,QuickFuel,EXCLUDED_REVIEW_REQUIRED,2026-05-29 14:00:10,raw.maintenance_work_orders_raw,WO-2026-001952,Maintenance cost validation issue,High,1
WO-2026-000410,2025-05-28 22:15:00,100410,99536,2025-05-30 19:15:00,2025-06-02 23:15:00,2713.21,602.51,419.55,3735.27,V2041,Evergreen Battery Supply,EXCLUDED_REVIEW_REQUIRED,2026-05-29 14:00:10,raw.maintenance_work_orders_raw,WO-2026-000410,Orphan equipment reference,High,1
WO-2026-002342,2024-09-26 21:20:00,102342,99362,2024-09-26 22:20:00,2024-09-30 20:20:00,1278.24,16.51,261.18,1555.93,V2010,Quick Fuel Partners,EXCLUDED_REVIEW_REQUIRED,2026-05-29 14:00:10,raw.maintenance_work_orders_raw,WO-2026-002342,Orphan equipment reference,High,1
WO-2026-002834,2024-02-12 20:45:00,102834,"",2024-02-13 17:45:00,2024-02-21 14:45:00,647.05,2218.33,299.59,3164.97,V2047,Precision Hydraulics,EXCLUDED_REVIEW_REQUIRED,2026-05-29 14:00:10,raw.maintenance_work_orders_raw,WO-2026-002834,Missing equipment number,High,1
WO-2024-000888,2024-01-26 16:10:00,100888,99306,2024-01-27 16:10:00,2024-02-05 05:10:00,1526.21,309.69,203.74,"$2,039.64","",Interstate Repair Depot,EXCLUDED_REVIEW_REQUIRED,2026-05-29 14:00:10,raw.maintenance_work_orders_raw,WO-2024-000888,Orphan equipment reference,High,1
WO-2025-001663,2026-01-14 13:30:00,101663,10332,2026-01-14 23:30:00,2026-01-15 08:30:00,-1504.25,"$1,466.74",0.00,2970.99,V2054,Precision Hydraulics,EXCLUDED_REVIEW_REQUIRED,2026-05-29 14:00:10,raw.maintenance_work_orders_raw,WO-2025-001663,Maintenance cost validation issue,High,1
WO-2026-000806,2024-12-17 22:10:00,100806,10267,2024-12-19 08:10:00,2024-12-18 00:10:00,741.73,460.38,142.73,1344.84,V2024,Green Charge,EXCLUDED_REVIEW_REQUIRED,2026-05-29 14:00:10,raw.maintenance_work_orders_raw,WO-2026-000806,Closed date before open date,High,1
WO-2024-002445,2025-02-25 09:30:00,102445,10008,2025-02-27 04:30:00,2025-02-26 14:30:00,2124.39,1245.65,106.18,3476.22,V2069,FleetPro Service Center,EXCLUDED_REVIEW_REQUIRED,2026-05-29 14:00:10,raw.maintenance_work_orders_raw,WO-2024-002445,Closed date before open date,High,1
WO-2026-002486,2025-06-12 11:15:00,102486,10211,2025-06-13 01:15:00,2025-06-15 22:15:00,-691.18,2498.16,168.68,3358.02,V2061,Apex Maintenance Group,EXCLUDED_REVIEW_REQUIRED,2026-05-29 14:00:10,raw.maintenance_work_orders_raw,WO-2026-002486,Maintenance cost validation issue,High,1
WO-2025-001798,08/22/2024 08:10,101798,"",2024-08-23 00:10:00,2024-09-02 23:10:00,2373.51,841.50,0.00,3215.01,V2067,Partner Mobile Mechanics,EXCLUDED_REVIEW_REQUIRED,2026-05-29 14:00:10,raw.maintenance_work_orders_raw,WO-2025-001798,Missing equipment number,High,1
WO-2024-003414,2024-06-18 20:10:00,103414,99120,2024-06-20 17:10:00,2024-06-25 02:10:00,689.80,429.39,0.00,1119.19,V2035,Premier Collision Center,EXCLUDED_REVIEW_REQUIRED,2026-05-29 14:00:10,raw.maintenance_work_orders_raw,WO-2024-003414,Orphan equipment reference,High,1
WO-2024-003756,2024-06-25 08:05:00,103756,99399,2024-06-27 03:05:00,2024-06-26 18:05:00,1018.08,523.73,0.00,1541.81,V2030,Industrial Equipment Repair,EXCLUDED_REVIEW_REQUIRED,2026-05-29 14:00:10,raw.maintenance_work_orders_raw,WO-2024-003756,Closed date before open date;Orphan equipment reference,High,1
WO-2025-001780,2026-04-01 21:00:00,101780,"",2026-04-03 11:00:00,2026-04-08 11:00:00,105.73,965.87,409.05,1480.65,V2052,FastLane PM Services,EXCLUDED_REVIEW_REQUIRED,2026-05-29 14:00:10,raw.maintenance_work_orders_raw,WO-2025-001780,Missing equipment number,High,1
WO-2025-000163,2024-02-06 04:45:00,100163,10096,2024-02-07 06:45:00,2024-02-11 22:45:00,-1472.73,1913.71,160.70,3547.14,V2069,FleetPro Service Center,EXCLUDED_REVIEW_REQUIRED,2026-05-29 14:00:10,raw.maintenance_work_orders_raw,WO-2025-000163,Maintenance cost validation issue,High,1
WO-2026-001994,2026-01-27 12:15:00,101994,99947,2026-01-28 15:15:00,2026-02-03 13:15:00,316.44,829.06,405.73,1551.23,V2033,Precision Hydraulics,EXCLUDED_REVIEW_REQUIRED,2026-05-29 14:00:10,raw.maintenance_work_orders_raw,WO-2026-001994,Orphan equipment reference,High,1
WO-2024-001890,2025-03-25 02:45:00,101890,"",03/26/2025 18:45,2025-04-01 02:45:00,2278.77,151.49,0.00,2430.26,V2033,Precision Hydraulics,EXCLUDED_REVIEW_REQUIRED,2026-05-29 14:00:10,raw.maintenance_work_orders_raw,WO-2024-001890,Missing equipment number,High,1
WO-2026-002672,2024-10-16 11:45:00,102672,10336,10/17/2024 19:45,2024-10-24 12:45:00,-3849.49,825.44,1097.46,5772.39,V2061,Apex Maintenance Group,EXCLUDED_REVIEW_REQUIRED,2026-05-29 14:00:10,raw.maintenance_work_orders_raw,WO-2026-002672,Maintenance cost validation issue,High,1
WO-2024-000591,2025-06-25 08:00:00,100591,10012,2025-06-26 02:00:00,2025-06-30 07:00:00,-2856.98,2134.43,0.00,4991.41,V2059,Industrial Equipment Repair,EXCLUDED_REVIEW_REQUIRED,2026-05-29 14:00:10,raw.maintenance_work_orders_raw,WO-2024-000591,Maintenance cost validation issue,High,1
WO-2025-000775,2026-03-03 20:10:00,100775,99341,2026-03-05 04:10:00,2026-03-09 23:10:00,3295.99,2215.35,93.73,5605.07,V2068,Premier Collision Center,EXCLUDED_REVIEW_REQUIRED,2026-05-29 14:00:10,raw.maintenance_work_orders_raw,WO-2025-000775,Orphan equipment reference,High,1
WO-2024-003798,2024-07-11 15:10:00,103798,10167,07/13/2024 13:10,2024-07-12 03:10:00,725.17,1177.59,121.82,2024.58,V2069,FleetPro Service Center,EXCLUDED_REVIEW_REQUIRED,2026-05-29 14:00:10,raw.maintenance_work_orders_raw,WO-2024-003798,Closed date before open date,High,1
WO-2025-003703,2025-04-25 02:30:00,103703,10351,2025-04-25 03:30:00,2025-04-28 14:30:00,-1679.02,2167.68,348.77,4195.47,V2035,Premier Collision Center,EXCLUDED_REVIEW_REQUIRED,2026-05-29 14:00:10,raw.maintenance_work_orders_raw,WO-2025-003703,Maintenance cost validation issue,High,1
WO-2025-001927,2025-12-16 02:15:00,101927,99613,2025-12-17 13:15:00,2025-12-28 05:15:00,1651.96,1946.62,630.67,4229.25,V2034,Premier Collision Center,EXCLUDED_REVIEW_REQUIRED,2026-05-29 14:00:10,raw.maintenance_work_orders_raw,WO-2025-001927,Orphan equipment reference,High,1
WO-2024-001245,2025-12-30 16:20:00,101245,10250,2026-01-01 09:20:00,2026-01-06 15:20:00,-651.03,457.17,0.00,1108.20,V2045,Superior Body Shop,EXCLUDED_REVIEW_REQUIRED,2026-05-29 14:00:10,raw.maintenance_work_orders_raw,WO-2024-001245,Maintenance cost validation issue,High,1
WO-2024-003450,2026-03-27 13:45:00,103450,10356,2026-03-27 19:45:00,2026-03-27 04:45:00,1731.58,140.53,1045.37,3726.18,V2042,Urban Fleet Maintenance,EXCLUDED_REVIEW_REQUIRED,2026-05-29 14:00:10,raw.maintenance_work_orders_raw,WO-2024-003450,Closed date before open date,High,1
WO-2024-003924,2025-10-11 06:20:00,103924,10334,2025-10-12 06:20:00,10/16/2025 09:20,-430.39,$536.92,397.65,1364.96,V2005,RoadReady Repairs,EXCLUDED_REVIEW_REQUIRED,2026-05-29 14:00:10,raw.maintenance_work_orders_raw,WO-2024-003924,Maintenance cost validation issue,High,1
WO-2026-003263,2024-06-11 06:15:00,103263,10044,2024-06-11 08:15:00,2024-06-09 11:15:00,3512.72,198.50,725.83,4437.05,V2049,Precision Hydraulics,EXCLUDED_REVIEW_REQUIRED,2026-05-29 14:00:10,raw.maintenance_work_orders_raw,WO-2026-003263,Closed date before open date,High,1
WO-2025-003295,02/14/2026 02:30,103295,"",2026-02-14 06:30:00,2026-02-18 10:30:00,2096.79,2309.88,0.00,4406.67,V2005,RoadReady Repairs,EXCLUDED_REVIEW_REQUIRED,2026-05-29 14:00:10,raw.maintenance_work_orders_raw,WO-2025-003295,Missing equipment number,High,1
WO-2025-003274,2024-04-26 23:30:00,103274,99228,2024-04-28 06:30:00,2024-05-02 01:30:00,214.57,1535.15,850.93,2600.65,V2058,North Star Garage,EXCLUDED_REVIEW_REQUIRED,2026-05-29 14:00:10,raw.maintenance_work_orders_raw,WO-2025-003274,Orphan equipment reference,High,1
WO-2026-003344,2024-05-16 09:30:00,103344,99273,2024-05-18 00:30:00,2024-05-21 18:30:00,889.66,1097.21,0.00,"$1,986.87",V2019,Central Parts Warehouse,EXCLUDED_REVIEW_REQUIRED,2026-05-29 14:00:10,raw.maintenance_work_orders_raw,WO-2026-003344,Orphan equipment reference,High,1
WO-2024-003687,2024-04-29 05:45:00,103687,"",2024-04-29 17:45:00,2024-05-02 04:45:00,168.60,$496.93,0.00,665.53,V2008,Reliable Truck Service,EXCLUDED_REVIEW_REQUIRED,2026-05-29 14:00:10,raw.maintenance_work_orders_raw,WO-2024-003687,Missing equipment number,High,1
WO-2024-001527,2025-10-09 00:05:00,101527,99829,2025-10-09 05:05:00,10/13/2025 06:05,2992.22,811.92,$0.00,3804.14,V2030,Industrial Equipment Repair,EXCLUDED_REVIEW_REQUIRED,2026-05-29 14:00:10,raw.maintenance_work_orders_raw,WO-2024-001527,Orphan equipment reference,High,1
WO-2025-003385,2025-11-12 00:05:00,103385,10379,11/12/2025 10:05,2025-11-10 17:05:00,1864.83,777.77,82.36,2724.96,V2032,Reliable Truck Service,EXCLUDED_REVIEW_REQUIRED,2026-05-29 14:00:10,raw.maintenance_work_orders_raw,WO-2025-003385,Closed date before open date,High,1
WO-2025-000844,2026-02-21 15:00:00,100844,99159,2026-02-23 12:00:00,2026-03-03 05:00:00,1547.94,1852.74,0.00,"$3,400.68",V2066,Reliable Truck Service,EXCLUDED_REVIEW_REQUIRED,2026-05-29 14:00:10,raw.maintenance_work_orders_raw,WO-2025-000844,Orphan equipment reference,High,1
WO-2024-001386,2024-10-12 04:00:00,101386,10108,10/12/2024 07:00,2024-10-19 00:00:00,-1799.14,538.53,0.00,2337.67,V2019,Central Parts Warehouse,EXCLUDED_REVIEW_REQUIRED,2026-05-29 14:00:10,raw.maintenance_work_orders_raw,WO-2024-001386,Maintenance cost validation issue,High,1
WO-2024-000807,2024-04-21 02:45:00,100807,10124,2024-04-21 16:45:00,2024-04-24 04:45:00,-1861.04,1446.78,579.30,3887.12,V2003,Lakeshore Automotive,EXCLUDED_REVIEW_REQUIRED,2026-05-29 14:00:10,raw.maintenance_work_orders_raw,WO-2024-000807,Maintenance cost validation issue,High,1
WO-2024-003117,2025-03-16 19:05:00,103117,10076,2025-03-17 15:05:00,2025-03-23 21:05:00,-2282.36,387.88,1172.65,"$3,842.89",V2012,Premier Collision Center,EXCLUDED_REVIEW_REQUIRED,2026-05-29 14:00:10,raw.maintenance_work_orders_raw,WO-2024-003117,Maintenance cost validation issue,High,1
WO-2025-002545,2025-08-28 17:20:00,102545,10019,2025-08-29 00:20:00,2025-09-01 17:20:00,160.52,1685.66,0.00,1846.18,V2022,Precision Hydraulics,EXCLUDED_REVIEW_REQUIRED,2026-05-29 14:00:10,raw.maintenance_work_orders_raw,WO-2025-002545,Duplicate work order number,High,1
WO-2025-002545,2025-08-28 17:20:00,102545,10019,2025-08-29 00:20:00,2025-09-01 17:20:00,160.52,1685.66,0.00,1846.18,V2022,Precision Hydraulics,EXCLUDED_REVIEW_REQUIRED,2026-05-29 14:00:10,raw.maintenance_work_orders_raw,WO-2025-002545,Duplicate work order number,High,1
WO-2025-002683,2025-09-12 17:20:00,102683,10303,2025-09-14 14:20:00,2025-09-23 21:20:00,122.78,713.88,647.39,1484.05,V2040,Quick Fuel Partners,EXCLUDED_REVIEW_REQUIRED,2026-05-29 14:00:10,raw.maintenance_work_orders_raw,WO-2025-002683,Duplicate work order number,High,1
WO-2025-002683,2025-09-12 17:20:00,102683,10303,2025-09-14 14:20:00,2025-09-23 21:20:00,122.78,713.88,647.39,1484.05,V2040,Quick Fuel Partners,EXCLUDED_REVIEW_REQUIRED,2026-05-29 14:00:10,raw.maintenance_work_orders_raw,WO-2025-002683,Duplicate work order number,High,1
WO-2026-002843,2025-12-24 15:20:00,102843,"",2025-12-26 04:20:00,2025-12-30 17:20:00,208.38,1280.96,$0.00,1489.34,V2060,Unknown Vendor,EXCLUDED_REVIEW_REQUIRED,2026-05-29 14:00:10,raw.maintenance_work_orders_raw,WO-2026-002843,Missing equipment number,High,1
WO-2025-002032,2025-05-08 21:20:00,102032,99987,2025-05-10 20:20:00,2025-05-18 02:20:00,568.79,275.13,$0.00,843.92,V2066,Reliable Truck Service,EXCLUDED_REVIEW_REQUIRED,2026-05-29 14:00:10,raw.maintenance_work_orders_raw,WO-2025-002032,Orphan equipment reference,High,1
WO-2026-002267,2025-02-16 20:30:00,102267,10129,2025-02-18 06:30:00,2025-02-17 22:30:00,495.32,1886.35,34.49,2416.16,V2033,Precision Hydraulics,EXCLUDED_REVIEW_REQUIRED,2026-05-29 14:00:10,raw.maintenance_work_orders_raw,WO-2026-002267,Closed date before open date,High,1
WO-2025-002869,2025-12-08 13:05:00,102869,10196,12/10/2025 06:05,2025-12-15 06:05:00,718.20,$513.34,582.93,1814.47,V2022,Precision Hydraulics,EXCLUDED_REVIEW_REQUIRED,2026-05-29 14:00:10,raw.maintenance_work_orders_raw,WO-2025-002869,Duplicate work order number,High,1
WO-2025-002869,2025-12-08 13:05:00,102869,10196,12/10/2025 06:05,2025-12-15 06:05:00,718.20,$513.34,582.93,1814.47,V2022,Precision Hydraulics,EXCLUDED_REVIEW_REQUIRED,2026-05-29 14:00:10,raw.maintenance_work_orders_raw,WO-2025-002869,Duplicate work order number,High,1
WO-2025-001747,07/02/2025 12:30,101747,"",2025-07-03 21:30:00,2025-07-09 20:30:00,741.06,1832.33,223.19,2796.58,V2034,Premier Collision Center,EXCLUDED_REVIEW_REQUIRED,2026-05-29 14:00:10,raw.maintenance_work_orders_raw,WO-2025-001747,Missing equipment number,High,1
WO-2025-000496,2024-08-02 13:00:00,100496,10017,2024-08-03 22:00:00,2024-08-12 07:00:00,2707.30,2191.87,711.10,5610.27,V2007,Apex Maintenance Group,EXCLUDED_REVIEW_REQUIRED,2026-05-29 14:00:10,raw.maintenance_work_orders_raw,WO-2025-000496,Duplicate work order number,High,1
WO-2025-000496,2024-08-02 13:00:00,100496,10017,2024-08-03 22:00:00,2024-08-12 07:00:00,2707.30,2191.87,711.10,5610.27,V2007,Apex Maintenance Group,EXCLUDED_REVIEW_REQUIRED,2026-05-29 14:00:10,raw.maintenance_work_orders_raw,WO-2025-000496,Duplicate work order number,High,1
WO-2025-001000,2024-02-11 00:30:00,101000,99414,2024-02-11 10:30:00,2024-02-15 13:30:00,1780.61,1903.13,1007.00,4690.74,V2060,Midwest Diesel Service,EXCLUDED_REVIEW_REQUIRED,2026-05-29 14:00:10,raw.maintenance_work_orders_raw,WO-2025-001000,Orphan equipment reference,High,1
WO-2024-002820,2024-01-26 18:20:00,102820,10399,2024-01-27 14:20:00,2024-02-03 05:20:00,-2551.10,210.25,0.00,2761.35,V2037,Central Parts Warehouse,EXCLUDED_REVIEW_REQUIRED,2026-05-29 14:00:10,raw.maintenance_work_orders_raw,WO-2024-002820,Maintenance cost validation issue,High,1
WO-2025-000634,2024-01-22 08:00:00,100634,10227,2024-01-23 23:00:00,2024-01-21 19:00:00,203.58,2450.25,335.59,2989.42,V2070,Premier Collision Center,EXCLUDED_REVIEW_REQUIRED,2026-05-29 14:00:10,raw.maintenance_work_orders_raw,WO-2025-000634,Closed date before open date,High,1
WO-2025-000802,2025-07-01 21:05:00,100802,"",2025-07-03 04:05:00,2025-07-09 18:05:00,2602.19,2332.51,0.00,4934.70,V2009,"Joe's Automotive LLC",EXCLUDED_REVIEW_REQUIRED,2026-05-29 14:00:10,raw.maintenance_work_orders_raw,WO-2025-000802,Missing equipment number,High,1
WO-2025-002002,2025-07-09 10:45:00,102002,10308,2025-07-10 10:45:00,2025-07-13 14:45:00,-169.46,2165.57,866.46,3201.49,V2066,Reliable Truck Service,EXCLUDED_REVIEW_REQUIRED,2026-05-29 14:00:10,raw.maintenance_work_orders_raw,WO-2025-002002,Maintenance cost validation issue,High,1
WO-2025-003409,2026-02-01 14:10:00,103409,10039,02/01/2026 21:10,2026-02-07 02:10:00,$-94.50,1812.81,0.00,1907.31,"",Interstate Repair Depot,EXCLUDED_REVIEW_REQUIRED,2026-05-29 14:00:10,raw.maintenance_work_orders_raw,WO-2025-003409,Maintenance cost validation issue,High,1
WO-2025-000688,2024-03-24 23:05:00,100688,99747,2024-03-25 21:05:00,2024-03-29 14:05:00,1966.95,30.59,593.37,2590.91,V2024,Green Charge,EXCLUDED_REVIEW_REQUIRED,2026-05-29 14:00:10,raw.maintenance_work_orders_raw,WO-2025-000688,Orphan equipment reference,High,1
WO-2026-002666,2024-11-28 06:05:00,102666,10408,2024-11-29 20:05:00,2024-12-04 04:05:00,1796.45,$656.07,0.00,2452.52,V2051,Central Parts Warehouse,EXCLUDED_REVIEW_REQUIRED,2026-05-29 14:00:10,raw.maintenance_work_orders_raw,WO-2026-002666,Duplicate work order number,High,1
WO-2026-002666,2024-11-28 06:05:00,102666,10408,2024-11-29 20:05:00,2024-12-04 04:05:00,1796.45,$656.07,0.00,2452.52,V2051,Central Parts Warehouse,EXCLUDED_REVIEW_REQUIRED,2026-05-29 14:00:10,raw.maintenance_work_orders_raw,WO-2026-002666,Duplicate work order number,High,1
WO-2026-000935,2026-03-04 16:45:00,100935,10384,2026-03-05 03:45:00,2026-03-16 03:45:00,938.09,1200.24,1046.45,3184.78,V2010,Quick Fuel Partners,EXCLUDED_REVIEW_REQUIRED,2026-05-29 14:00:10,raw.maintenance_work_orders_raw,WO-2026-000935,Duplicate work order number,High,1
WO-2026-000935,2026-03-04 16:45:00,100935,10384,2026-03-05 03:45:00,2026-03-16 03:45:00,938.09,1200.24,1046.45,3184.78,V2010,Quick Fuel Partners,EXCLUDED_REVIEW_REQUIRED,2026-05-29 14:00:10,raw.maintenance_work_orders_raw,WO-2026-000935,Duplicate work order number,High,1
WO-2024-003069,04/18/2026 14:05,103069,"",2026-04-19 20:05:00,2026-04-24 02:05:00,3459.16,2145.69,0.00,"$5,604.85",V2055,Allied Mechanics,EXCLUDED_REVIEW_REQUIRED,2026-05-29 14:00:10,raw.maintenance_work_orders_raw,WO-2024-003069,Missing equipment number,High,1
WO-2025-003031,2024-01-21 23:05:00,103031,10364,2024-01-22 12:05:00,2024-01-19 18:05:00,1760.00,1296.19,1149.68,4205.87,V2025,CITYWIDE TIRE,EXCLUDED_REVIEW_REQUIRED,2026-05-29 14:00:10,raw.maintenance_work_orders_raw,WO-2025-003031,Closed date before open date,High,1
WO-2025-003994,2024-11-30 03:45:00,103994,"",2024-12-01 00:45:00,2024-12-04 15:45:00,1288.23,407.31,145.74,1841.28,V2059,Industrial Equipment Repair,EXCLUDED_REVIEW_REQUIRED,2026-05-29 14:00:10,raw.maintenance_work_orders_raw,WO-2025-003994,Missing equipment number,High,1
WO-2024-003618,2025-10-25 03:00:00,103618,10270,2025-10-26 19:00:00,2025-11-02 06:00:00,-479.85,2085.70,879.32,3444.87,V2024,Green Charge,EXCLUDED_REVIEW_REQUIRED,2026-05-29 14:00:10,raw.maintenance_work_orders_raw,WO-2024-003618,Maintenance cost validation issue,High,1
WO-2024-002154,2024-07-27 00:15:00,102154,10180,07/27/2024 01:15,2024-07-30 14:15:00,"$-2,037.77",2361.77,0.00,4399.54,V2006,FleetPro Service Center,EXCLUDED_REVIEW_REQUIRED,2026-05-29 14:00:10,raw.maintenance_work_orders_raw,WO-2024-002154,Maintenance cost validation issue,High,1
WO-2025-002344,2024-05-13 04:30:00,102344,"",2024-05-13 06:30:00,2024-05-19 00:30:00,1208.66,1586.28,0.00,2794.94,V2058,North Star Garage,EXCLUDED_REVIEW_REQUIRED,2026-05-29 14:00:10,raw.maintenance_work_orders_raw,WO-2025-002344,Missing equipment number,High,1
WO-2024-003987,2025-01-29 20:10:00,103987,10012,01/31/2025 18:10,2025-02-03 09:10:00,-1755.19,$185.47,0.00,1940.66,V2017,Partner Mobile Mechanics,EXCLUDED_REVIEW_REQUIRED,2026-05-29 14:00:10,raw.maintenance_work_orders_raw,WO-2024-003987,Maintenance cost validation issue,High,1
WO-2025-003052,2025-08-18 22:05:00,103052,99322,2025-08-18 23:05:00,2025-08-22 19:05:00,906.25,249.70,$944.74,2100.69,V2047,Precision Hydraulics,EXCLUDED_REVIEW_REQUIRED,2026-05-29 14:00:10,raw.maintenance_work_orders_raw,WO-2025-003052,Orphan equipment reference,High,1
WO-2026-003191,2025-09-12 04:30:00,103191,10145,2025-09-12 05:30:00,2025-09-19 23:30:00,-1892.48,1553.92,0.00,3446.40,V2033,Precision Hydraulics,EXCLUDED_REVIEW_REQUIRED,2026-05-29 14:00:10,raw.maintenance_work_orders_raw,WO-2026-003191,Maintenance cost validation issue,High,1
WO-2025-001897,2026-04-28 09:15:00,101897,10402,2026-04-29 22:15:00,2026-05-02 16:15:00,-198.05,1466.12,0.00,1664.17,V2027,QuickFuel,EXCLUDED_REVIEW_REQUIRED,2026-05-29 14:00:10,raw.maintenance_work_orders_raw,WO-2025-001897,Maintenance cost validation issue,High,1
WO-2024-000054,2025-01-04 04:05:00,100054,10036,2025-01-05 17:05:00,2025-01-07 20:05:00,2289.26,577.58,0.00,2866.84,V2057,City Wide Tire and Brake,EXCLUDED_REVIEW_REQUIRED,2026-05-29 14:00:10,raw.maintenance_work_orders_raw,WO-2024-000054,Duplicate work order number,High,1
WO-2024-000054,2025-01-04 04:05:00,100054,10036,2025-01-05 17:05:00,2025-01-07 20:05:00,2289.26,577.58,0.00,2866.84,V2057,City Wide Tire and Brake,EXCLUDED_REVIEW_REQUIRED,2026-05-29 14:00:10,raw.maintenance_work_orders_raw,WO-2024-000054,Duplicate work order number,High,1
WO-2025-000967,2024-04-19 11:20:00,100967,10325,2024-04-20 18:20:00,2024-04-20 03:20:00,1736.70,1758.93,993.89,4489.52,V2001,Precision Hydraulics,EXCLUDED_REVIEW_REQUIRED,2026-05-29 14:00:10,raw.maintenance_work_orders_raw,WO-2025-000967,Closed date before open date,High,1
WO-2024-002739,2025-11-12 00:30:00,102739,10404,2025-11-12 22:30:00,2025-11-17 15:30:00,-2602.14,966.51,294.93,3863.58,"",Industrial Equipment Repair,EXCLUDED_REVIEW_REQUIRED,2026-05-29 14:00:10,raw.maintenance_work_orders_raw,WO-2024-002739,Maintenance cost validation issue,High,1
WO-2026-000011,2024-06-24 22:45:00,100011,"",2024-06-25 14:45:00,2024-07-01 10:45:00,664.26,125.48,581.53,2165.84,V2058,North Star Garage,EXCLUDED_REVIEW_REQUIRED,2026-05-29 14:00:10,raw.maintenance_work_orders_raw,WO-2026-000011,Missing equipment number,High,1
WO-2026-001211,2024-01-02 10:15:00,101211,99779,2024-01-02 12:15:00,2024-01-07 06:15:00,2309.32,1619.47,737.44,"$5,547.71",V2020,Metro Fuel Svc,EXCLUDED_REVIEW_REQUIRED,2026-05-29 14:00:10,raw.maintenance_work_orders_raw,WO-2026-001211,Orphan equipment reference,High,1
WO-2024-003693,2025-12-04 07:00:00,103693,"",2025-12-06 00:00:00,2025-12-08 16:00:00,877.51,"$1,140.08",0.00,2017.59,V2007,Midwest Diesel Service,EXCLUDED_REVIEW_REQUIRED,2026-05-29 14:00:10,raw.maintenance_work_orders_raw,WO-2024-003693,Missing equipment number,High,1
WO-2025-002665,11/15/2025 19:05,102665,99641,2025-11-16 14:05:00,11/22/2025 11:05,1316.23,2460.91,61.15,3838.29,V2037,Central Parts Warehouse,EXCLUDED_REVIEW_REQUIRED,2026-05-29 14:00:10,raw.maintenance_work_orders_raw,WO-2025-002665,Orphan equipment reference,High,1
WO-2025-000439,2025-07-10 13:00:00,100439,"",07/11/2025 01:00,2025-07-18 01:00:00,-1266.22,"$2,019.71",1197.76,4483.69,V2024,Green Charge,EXCLUDED_REVIEW_REQUIRED,2026-05-29 14:00:10,raw.maintenance_work_orders_raw,WO-2025-000439,Maintenance cost validation issue;Missing equipment number,High,1
WO-2025-000853,2024-02-04 14:20:00,100853,10287,2024-02-04 21:20:00,02/13/2024 17:20,-815.84,862.07,272.85,1950.76,V2034,Premier Collision Center,EXCLUDED_REVIEW_REQUIRED,2026-05-29 14:00:10,raw.maintenance_work_orders_raw,WO-2025-000853,Maintenance cost validation issue,High,1
WO-2024-000723,12/30/2024 13:15,100723,99162,2025-01-01 05:15:00,2025-01-05 20:15:00,1472.93,1498.91,0.00,2971.84,V2012,Premier Collision Center,EXCLUDED_REVIEW_REQUIRED,2026-05-29 14:00:10,raw.maintenance_work_orders_raw,WO-2024-000723,Orphan equipment reference,High,1
WO-2026-001772,2026-01-19 04:00:00,101772,99172,2026-01-19 10:00:00,2026-01-18 06:00:00,3152.46,1455.95,$0.00,4608.41,V2061,Apex Maintenance Group,EXCLUDED_REVIEW_REQUIRED,2026-05-29 14:00:10,raw.maintenance_work_orders_raw,WO-2026-001772,Closed date before open date;Orphan equipment reference,High,1
WO-2025-000277,2025-01-18 22:20:00,100277,10352,2025-01-19 09:20:00,2025-01-23 04:20:00,-3369.73,722.92,991.71,5084.36,"",Industrial Equipment Repair,EXCLUDED_REVIEW_REQUIRED,2026-05-29 14:00:10,raw.maintenance_work_orders_raw,WO-2025-000277,Maintenance cost validation issue,High,1
WO-2024-002838,2026-02-01 11:30:00,102838,"",2026-02-02 23:30:00,2026-02-07 12:30:00,"$1,372.60",710.21,512.80,2595.61,V2057,City Wide Tire and Brake,EXCLUDED_REVIEW_REQUIRED,2026-05-29 14:00:10,raw.maintenance_work_orders_raw,WO-2024-002838,Missing equipment number,High,1
WO-2025-002566,2026-03-31 07:10:00,102566,"",2026-03-31 08:10:00,2026-04-02 12:10:00,2046.50,2357.14,0.00,4403.64,"",Quick Fuel Prtnrs,EXCLUDED_REVIEW_REQUIRED,2026-05-29 14:00:10,raw.maintenance_work_orders_raw,WO-2025-002566,Missing equipment number,High,1
WO-2025-001147,2025-09-10 02:00:00,101147,10081,2025-09-11 05:00:00,2025-09-09 02:00:00,"$1,426.58",657.54,158.44,2242.56,V2068,Premier Collision Center,EXCLUDED_REVIEW_REQUIRED,2026-05-29 14:00:10,raw.maintenance_work_orders_raw,WO-2025-001147,Closed date before open date,High,1
WO-2025-001840,2025-05-04 08:20:00,101840,99164,2025-05-04 18:20:00,2025-05-08 02:20:00,2081.57,1028.09,0.00,3109.66,V2035,Premier Collision Center,EXCLUDED_REVIEW_REQUIRED,2026-05-29 14:00:10,raw.maintenance_work_orders_raw,WO-2025-001840,Orphan equipment reference,High,1
WO-2025-000139,05/18/2024 09:00,100139,10005,2024-05-19 08:00:00,2024-05-24 03:00:00,-2209.21,2061.50,1162.93,5433.64,V2002,Quick Fuel Partners,EXCLUDED_REVIEW_REQUIRED,2026-05-29 14:00:10,raw.maintenance_work_orders_raw,WO-2025-000139,Maintenance cost validation issue,High,1
WO-2025-002755,2026-02-16 22:30:00,102755,99193,02/18/2026 13:30,2026-02-24 04:30:00,1054.13,118.37,0.00,1172.50,V2070,Premier Collision Center,EXCLUDED_REVIEW_REQUIRED,2026-05-29 14:00:10,raw.maintenance_work_orders_raw,WO-2025-002755,Orphan equipment reference,High,1
WO-2025-002365,2025-06-10 17:45:00,102365,99241,2025-06-12 03:45:00,2025-06-17 03:45:00,2010.08,1208.98,$213.16,"$3,432.22",V2034,Premier Collision Center,EXCLUDED_REVIEW_REQUIRED,2026-05-29 14:00:10,raw.maintenance_work_orders_raw,WO-2025-002365,Orphan equipment reference,High,1
WO-2024-001059,2026-02-22 07:10:00,101059,"",2026-02-22 22:10:00,2026-02-26 03:10:00,1332.70,1808.97,751.86,3893.53,V2048,Northside Fleet Repair,EXCLUDED_REVIEW_REQUIRED,2026-05-29 14:00:10,raw.maintenance_work_orders_raw,WO-2024-001059,Missing equipment number,High,1
WO-2026-003785,2024-04-03 12:00:00,103785,"",2024-04-04 12:00:00,2024-04-07 10:00:00,1865.64,798.62,0.00,2664.26,V2032,Reliable Truck Service,EXCLUDED_REVIEW_REQUIRED,2026-05-29 14:00:10,raw.maintenance_work_orders_raw,WO-2026-003785,Missing equipment number,High,1
WO-2025-003502,2025-11-16 09:00:00,103502,99685,2025-11-17 20:00:00,2025-11-24 05:00:00,2286.32,1420.99,$0.00,3707.31,V2049,Precision Hydraulics,EXCLUDED_REVIEW_REQUIRED,2026-05-29 14:00:10,raw.maintenance_work_orders_raw,WO-2025-003502,Orphan equipment reference,High,1
WO-2024-000423,2025-03-19 21:05:00,100423,"",2025-03-21 00:05:00,2025-03-26 05:05:00,544.39,1566.45,0.00,2110.84,V2026,Reliable Truck Service,EXCLUDED_REVIEW_REQUIRED,2026-05-29 14:00:10,raw.maintenance_work_orders_raw,WO-2024-000423,Missing equipment number,High,1
WO-2026-001490,2026-02-24 11:15:00,101490,10360,02/25/2026 06:15,2026-02-23 20:15:00,861.07,1346.46,0.00,2207.53,V2045,Superior Body Shop,EXCLUDED_REVIEW_REQUIRED,2026-05-29 14:00:10,raw.maintenance_work_orders_raw,WO-2026-001490,Closed date before open date,High,1
WO-2024-001722,2025-07-07 04:45:00,101722,10365,2025-07-08 09:45:00,2025-07-12 19:45:00,-425.00,726.37,719.76,1871.13,V2022,Precision Hydraulics,EXCLUDED_REVIEW_REQUIRED,2026-05-29 14:00:10,raw.maintenance_work_orders_raw,WO-2024-001722,Maintenance cost validation issue,High,1
WO-2026-002093,2025-09-26 22:00:00,102093,10133,2025-09-27 16:00:00,2025-10-03 13:00:00,1819.08,2441.84,370.90,4631.82,V2025,CITYWIDE TIRE,EXCLUDED_REVIEW_REQUIRED,2026-05-29 14:00:10,raw.maintenance_work_orders_raw,WO-2026-002093,Duplicate work order number,High,1
WO-2026-002093,2025-09-26 22:00:00,102093,10133,2025-09-27 16:00:00,2025-10-03 13:00:00,1819.08,2441.84,370.90,4631.82,V2025,CITYWIDE TIRE,EXCLUDED_REVIEW_REQUIRED,2026-05-29 14:00:10,raw.maintenance_work_orders_raw,WO-2026-002093,Duplicate work order number,High,1
WO-2026-000533,2025-02-21 12:00:00,100533,10168,2025-02-23 09:00:00,2025-02-26 04:00:00,-1063.10,"",38.75,3524.52,V2020,Metro Fuel Svc,EXCLUDED_REVIEW_REQUIRED,2026-05-29 14:00:10,raw.maintenance_work_orders_raw,WO-2026-000533,Maintenance cost validation issue,High,1
WO-2025-003997,2024-05-18 21:20:00,103997,10046,2024-05-20 02:20:00,2024-05-23 23:20:00,-1437.35,96.12,453.08,1986.55,V2061,Apex Maintenance Group,EXCLUDED_REVIEW_REQUIRED,2026-05-29 14:00:10,raw.maintenance_work_orders_raw,WO-2025-003997,Maintenance cost validation issue,High,1
WO-2025-000361,2026-04-03 12:15:00,100361,99114,2026-04-05 12:15:00,2026-04-09 12:15:00,834.14,2227.04,0.00,3061.18,V2038,Urban Fleet Maintenance,EXCLUDED_REVIEW_REQUIRED,2026-05-29 14:00:10,raw.maintenance_work_orders_raw,WO-2025-000361,Orphan equipment reference,High,1
WO-2024-001548,2024-07-10 00:45:00,101548,10324,2024-07-10 19:45:00,2024-07-15 13:45:00,-71.54,2355.66,0.00,2427.20,V2034,Premier Collision Center,EXCLUDED_REVIEW_REQUIRED,2026-05-29 14:00:10,raw.maintenance_work_orders_raw,WO-2024-001548,Maintenance cost validation issue,High,1
WO-2025-002035,2025-01-25 03:05:00,102035,"",01/26/2025 13:05,2025-01-30 17:05:00,1537.21,972.49,$0.00,2509.70,V2014,Precision Hydraulics,EXCLUDED_REVIEW_REQUIRED,2026-05-29 14:00:10,raw.maintenance_work_orders_raw,WO-2025-002035,Missing equipment number,High,1
WO-2026-003278,2024-12-07 10:20:00,103278,99558,2024-12-07 16:20:00,2024-12-13 04:20:00,941.62,2152.21,0.00,3093.83,V2006,City Wide Tire and Brake,EXCLUDED_REVIEW_REQUIRED,2026-05-29 14:00:10,raw.maintenance_work_orders_raw,WO-2026-003278,Orphan equipment reference,High,1
WO-2025-000736,2024-09-12 04:00:00,100736,10168,2024-09-12 15:00:00,2024-09-19 11:00:00,-1237.68,2382.44,0.00,"$3,620.12",V2046,Atlas Heavy Truck,EXCLUDED_REVIEW_REQUIRED,2026-05-29 14:00:10,raw.maintenance_work_orders_raw,WO-2025-000736,Maintenance cost validation issue,High,1
WO-2025-001528,2025-10-27 15:05:00,101528,"",2025-10-29 11:05:00,2025-11-02 20:05:00,1128.90,"$2,164.80",0.00,3293.70,V2054,Precision Hydraulics,EXCLUDED_REVIEW_REQUIRED,2026-05-29 14:00:10,raw.maintenance_work_orders_raw,WO-2025-001528,Missing equipment number,High,1
WO-2026-003296,2024-09-20 21:45:00,103296,10216,2024-09-21 11:45:00,2024-09-27 02:45:00,-1535.44,1061.23,233.11,"$2,829.78",V2025,CITYWIDE TIRE,EXCLUDED_REVIEW_REQUIRED,2026-05-29 14:00:10,raw.maintenance_work_orders_raw,WO-2026-003296,Maintenance cost validation issue,High,1
WO-2026-000053,2024-04-11 01:45:00,100053,10162,2024-04-12 05:45:00,2024-04-19 04:45:00,-37.04,676.40,905.99,1619.43,V2014,Precision Hydraulics,EXCLUDED_REVIEW_REQUIRED,2026-05-29 14:00:10,raw.maintenance_work_orders_raw,WO-2026-000053,Maintenance cost validation issue,High,1
WO-2024-002298,2025-01-01 05:05:00,102298,99119,2025-01-01 05:05:00,2025-01-04 19:05:00,2234.59,1814.69,0.00,4049.28,V2068,Premier Collision Center,EXCLUDED_REVIEW_REQUIRED,2026-05-29 14:00:10,raw.maintenance_work_orders_raw,WO-2024-002298,Orphan equipment reference,High,1
WO-2024-003015,2025-06-25 21:45:00,103015,"",2025-06-27 06:45:00,2025-07-02 09:45:00,195.33,740.41,$631.13,1566.87,"",Unknown Vendor,EXCLUDED_REVIEW_REQUIRED,2026-05-29 14:00:10,raw.maintenance_work_orders_raw,WO-2024-003015,Missing equipment number,High,1
WO-2024-001611,2024-11-22 20:00:00,101611,10321,2024-11-23 15:00:00,2024-11-29 03:00:00,-911.74,1134.76,458.56,"$2,505.06",V2006,FleetPro Service Center,EXCLUDED_REVIEW_REQUIRED,2026-05-29 14:00:10,raw.maintenance_work_orders_raw,WO-2024-001611,Maintenance cost validation issue,High,1
WO-2024-000564,2024-01-22 23:15:00,100564,"",2024-01-24 01:15:00,2024-02-01 03:15:00,2544.36,344.04,207.93,3096.33,"",Industrial Equipment Repair,EXCLUDED_REVIEW_REQUIRED,2026-05-29 14:00:10,raw.maintenance_work_orders_raw,WO-2024-000564,Missing equipment number,High,1
WO-2024-001869,2024-07-21 10:10:00,101869,10287,2024-07-22 11:10:00,2024-07-19 17:10:00,1121.72,976.91,0.00,2098.63,V2026,Reliable Truck Service,EXCLUDED_REVIEW_REQUIRED,2026-05-29 14:00:10,raw.maintenance_work_orders_raw,WO-2024-001869,Closed date before open date,High,1
WO-2025-003580,2024-02-25 23:15:00,103580,10350,2024-02-27 22:15:00,2024-02-25 15:15:00,3275.86,2151.72,0.00,5427.58,V2038,Urban Fleet Maintenance,EXCLUDED_REVIEW_REQUIRED,2026-05-29 14:00:10,raw.maintenance_work_orders_raw,WO-2025-003580,Closed date before open date,High,1
WO-2026-003377,2025-02-21 05:30:00,103377,"",2025-02-21 10:30:00,2025-02-25 00:30:00,464.97,104.97,0.00,569.94,V2052,FastLane PM Services,EXCLUDED_REVIEW_REQUIRED,2026-05-29 14:00:10,raw.maintenance_work_orders_raw,WO-2026-003377,Missing equipment number,High,1
WO-2025-003907,2024-08-19 23:05:00,103907,10334,2024-08-20 13:05:00,2024-09-01 14:05:00,-3438.97,1505.67,$522.74,5467.38,V2047,Precision Hydraulics,EXCLUDED_REVIEW_REQUIRED,2026-05-29 14:00:10,raw.maintenance_work_orders_raw,WO-2025-003907,Maintenance cost validation issue,High,1
WO-2026-000734,2025-08-31 14:10:00,100734,10226,2025-09-01 07:10:00,08/31/2025 09:10,$603.80,1679.32,0.00,2283.12,V2049,Precision Hydraulics,EXCLUDED_REVIEW_REQUIRED,2026-05-29 14:00:10,raw.maintenance_work_orders_raw,WO-2026-000734,Closed date before open date,High,1
WO-2024-003132,2024-11-07 22:00:00,103132,"",2024-11-08 05:00:00,2024-11-10 12:00:00,3104.42,143.77,1186.09,4434.28,V2010,Quick Fuel Partners,EXCLUDED_REVIEW_REQUIRED,2026-05-29 14:00:10,raw.maintenance_work_orders_raw,WO-2024-003132,Missing equipment number,High,1
WO-2026-002276,2024-04-16 09:05:00,102276,10251,2024-04-17 20:05:00,2024-04-19 18:05:00,-1474.83,1799.77,154.45,3429.05,"",Universal Fleet Solutions,EXCLUDED_REVIEW_REQUIRED,2026-05-29 14:00:10,raw.maintenance_work_orders_raw,WO-2026-002276,Maintenance cost validation issue,High,1
WO-2026-002891,2024-08-30 17:15:00,102891,99159,2024-08-31 06:15:00,2024-09-06 01:15:00,1321.05,1145.88,795.96,3262.89,V2035,Premier Collision Center,EXCLUDED_REVIEW_REQUIRED,2026-05-29 14:00:10,raw.maintenance_work_orders_raw,WO-2026-002891,Orphan equipment reference,High,1
WO-2025-000223,2025-09-10 08:00:00,100223,99758,2025-09-11 07:00:00,2025-09-17 03:00:00,2864.02,768.54,26.85,3659.41,V2054,Precision Hydraulics,EXCLUDED_REVIEW_REQUIRED,2026-05-29 14:00:10,raw.maintenance_work_orders_raw,WO-2025-000223,Orphan equipment reference,High,1
WO-2026-000485,2025-01-21 08:30:00,100485,99779,2025-01-22 15:30:00,2025-01-25 14:30:00,377.15,2038.22,0.00,2415.37,V2004,FleetPro Service Center,EXCLUDED_REVIEW_REQUIRED,2026-05-29 14:00:10,raw.maintenance_work_orders_raw,WO-2026-000485,Orphan equipment reference,High,1
WO-2026-001310,2025-07-03 12:45:00,101310,10007,2025-07-04 15:45:00,2025-07-11 08:45:00,-738.69,2062.42,1123.93,3925.04,"",Industrial Equipment Repair,EXCLUDED_REVIEW_REQUIRED,2026-05-29 14:00:10,raw.maintenance_work_orders_raw,WO-2026-001310,Maintenance cost validation issue,High,1
WO-2025-003250,2024-02-08 10:05:00,103250,99507,2024-02-08 21:05:00,2024-02-11 12:05:00,1216.44,1947.76,538.48,3702.68,"",Quick Fuel Prtnrs,EXCLUDED_REVIEW_REQUIRED,2026-05-29 14:00:10,raw.maintenance_work_orders_raw,WO-2025-003250,Orphan equipment reference,High,1
WO-2025-002707,2025-10-17 18:00:00,102707,10314,2025-10-17 20:00:00,2025-10-17 19:00:00,3540.03,1846.76,0.00,5386.79,V2052,FastLane PM Services,EXCLUDED_REVIEW_REQUIRED,2026-05-29 14:00:10,raw.maintenance_work_orders_raw,WO-2025-002707,Closed date before open date,High,1
WO-2024-000639,2024-06-16 16:20:00,100639,"",2024-06-17 12:20:00,2024-06-19 19:20:00,732.18,"$2,389.96",0.00,3122.14,V2066,Reliable Truck Service,EXCLUDED_REVIEW_REQUIRED,2026-05-29 14:00:10,raw.maintenance_work_orders_raw,WO-2024-000639,Missing equipment number,High,1
WO-2026-003845,2024-06-10 05:05:00,103845,10001,2024-06-10 17:05:00,2024-06-14 05:05:00,1526.94,2275.88,729.20,4532.02,V2047,Precision Hydraulics,EXCLUDED_REVIEW_REQUIRED,2026-05-29 14:00:10,raw.maintenance_work_orders_raw,WO-2026-003845,Duplicate work order number,High,1
WO-2026-003845,2024-06-10 05:05:00,103845,10001,2024-06-10 17:05:00,2024-06-14 05:05:00,1526.94,2275.88,729.20,4532.02,V2047,Precision Hydraulics,EXCLUDED_REVIEW_REQUIRED,2026-05-29 14:00:10,raw.maintenance_work_orders_raw,WO-2026-003845,Duplicate work order number,High,1
WO-2025-000637,2024-04-11 02:15:00,100637,"",2024-04-12 10:15:00,2024-04-14 08:15:00,1326.53,1836.68,0.00,3163.21,V2037,Central Parts Warehouse,EXCLUDED_REVIEW_REQUIRED,2026-05-29 14:00:10,raw.maintenance_work_orders_raw,WO-2025-000637,Missing equipment number,High,1
WO-2026-001289,01/02/2024 17:10,101289,99873,2024-01-02 18:10:00,2024-01-07 00:10:00,1184.82,1443.68,0.00,3139.35,V2017,Partner Mobile Mechanics,EXCLUDED_REVIEW_REQUIRED,2026-05-29 14:00:10,raw.maintenance_work_orders_raw,WO-2026-001289,Orphan equipment reference,High,1
WO-2024-003018,2025-08-19 01:45:00,103018,10063,2025-08-19 18:45:00,2025-08-25 16:45:00,-1976.83,299.60,1088.70,3365.13,V2055,Allied Mechanics,EXCLUDED_REVIEW_REQUIRED,2026-05-29 14:00:10,raw.maintenance_work_orders_raw,WO-2024-003018,Maintenance cost validation issue,High,1
WO-2025-000469,2025-06-14 01:05:00,100469,10217,2025-06-15 18:05:00,2025-06-21 22:05:00,"$-1,139.95",102.37,660.79,1903.11,V9218,Interstate Repair Depot,EXCLUDED_REVIEW_REQUIRED,2026-05-29 14:00:10,raw.maintenance_work_orders_raw,WO-2025-000469,Maintenance cost validation issue,High,1
WO-2026-000770,2025-10-14 18:15:00,100770,99798,2025-10-15 00:15:00,2025-10-19 07:15:00,1618.56,883.68,0.00,2502.24,V2052,FastLane PM Services,EXCLUDED_REVIEW_REQUIRED,2026-05-29 14:00:10,raw.maintenance_work_orders_raw,WO-2026-000770,Orphan equipment reference,High,1
WO-2024-003333,2026-02-08 00:05:00,103333,"",2026-02-08 02:05:00,2026-02-11 15:05:00,205.22,1638.74,0.00,2515.47,V2014,BlueLine Fuel,EXCLUDED_REVIEW_REQUIRED,2026-05-29 14:00:10,raw.maintenance_work_orders_raw,WO-2024-003333,Missing equipment number,High,1
WO-2024-002199,2024-09-12 10:30:00,102199,99831,2024-09-12 17:30:00,2024-09-17 13:30:00,3214.51,2191.20,"$1,136.05",6541.76,V2059,Industrial Equipment Repair,EXCLUDED_REVIEW_REQUIRED,2026-05-29 14:00:10,raw.maintenance_work_orders_raw,WO-2024-002199,Orphan equipment reference,High,1
WO-2026-001493,2024-07-14 21:45:00,101493,10141,2024-07-16 13:45:00,07/14/2024 11:45,174.32,2404.47,134.58,2713.37,"",RoadReady Repairs,EXCLUDED_REVIEW_REQUIRED,2026-05-29 14:00:10,raw.maintenance_work_orders_raw,WO-2026-001493,Closed date before open date,High,1
WO-2026-002807,2024-03-20 08:45:00,102807,10250,03/21/2024 06:45,2024-03-26 05:45:00,-609.34,1329.81,350.43,2289.58,V2026,Reliable Truck Service,EXCLUDED_REVIEW_REQUIRED,2026-05-29 14:00:10,raw.maintenance_work_orders_raw,WO-2026-002807,Maintenance cost validation issue,High,1
WO-2025-003499,2024-10-29 08:10:00,103499,10307,2024-10-29 08:10:00,11/05/2024 18:10,2598.55,1042.19,0.00,3640.74,V2055,Allied Mechanics,EXCLUDED_REVIEW_REQUIRED,2026-05-29 14:00:10,raw.maintenance_work_orders_raw,WO-2025-003499,Duplicate work order number,High,1
WO-2025-003499,2024-10-29 08:10:00,103499,10307,2024-10-29 08:10:00,11/05/2024 18:10,2598.55,1042.19,0.00,3640.74,V2055,Allied Mechanics,EXCLUDED_REVIEW_REQUIRED,2026-05-29 14:00:10,raw.maintenance_work_orders_raw,WO-2025-003499,Duplicate work order number,High,1
WO-2024-003741,2026-04-14 23:30:00,103741,"",2026-04-16 08:30:00,2026-04-20 01:30:00,1491.68,1126.09,313.60,"$3,195.43",V2060,Midwest Diesel Service,EXCLUDED_REVIEW_REQUIRED,2026-05-29 14:00:10,raw.maintenance_work_orders_raw,WO-2024-003741,Missing equipment number,High,1
WO-2024-003444,2025-03-28 07:45:00,103444,"",2025-03-30 04:45:00,2025-04-04 05:45:00,1690.80,1279.73,500.97,3471.50,V2013,Industrial Equipment Repair,EXCLUDED_REVIEW_REQUIRED,2026-05-29 14:00:10,raw.maintenance_work_orders_raw,WO-2024-003444,Missing equipment number,High,1
WO-2024-000993,2024-03-12 21:05:00,100993,"",2024-03-13 00:05:00,2024-03-14 21:05:00,3068.81,132.24,596.62,3797.67,V2014,Precision Hydraulics,EXCLUDED_REVIEW_REQUIRED,2026-05-29 14:00:10,raw.maintenance_work_orders_raw,WO-2024-000993,Missing equipment number,High,1
WO-2026-001145,2025-05-10 01:20:00,101145,99928,2025-05-11 18:20:00,2025-05-14 09:20:00,1872.18,200.43,0.00,2072.61,V2050,Reliable Truck Service,EXCLUDED_REVIEW_REQUIRED,2026-05-29 14:00:10,raw.maintenance_work_orders_raw,WO-2026-001145,Orphan equipment reference,High,1
WO-2026-000665,2026-03-08 10:10:00,100665,99828,2026-03-08 14:10:00,2026-03-14 22:10:00,1758.80,1411.41,700.78,3870.99,V2014,Precision Hydraulics,EXCLUDED_REVIEW_REQUIRED,2026-05-29 14:00:10,raw.maintenance_work_orders_raw,WO-2026-000665,Orphan equipment reference,High,1
WO-2025-003241,2025-03-01 12:20:00,103241,99286,2025-03-01 19:20:00,2025-03-05 09:20:00,286.53,1056.24,0.00,1342.77,V2030,Industrial Equipment Repair,EXCLUDED_REVIEW_REQUIRED,2026-05-29 14:00:10,raw.maintenance_work_orders_raw,WO-2025-003241,Orphan equipment reference,High,1
WO-2024-002148,2025-03-29 12:20:00,102148,"",2025-03-30 07:20:00,2025-04-03 11:20:00,278.73,1980.03,1086.59,"$3,345.35",V2013,Industrial Equipment Repair,EXCLUDED_REVIEW_REQUIRED,2026-05-29 14:00:10,raw.maintenance_work_orders_raw,WO-2024-002148,Missing equipment number,High,1
WO-2025-000733,2025-12-13 21:00:00,100733,10255,2025-12-14 09:00:00,2025-12-15 23:00:00,-3482.76,31.86,0.00,3514.62,V2052,FastLane PM Services,EXCLUDED_REVIEW_REQUIRED,2026-05-29 14:00:10,raw.maintenance_work_orders_raw,WO-2025-000733,Maintenance cost validation issue;Maintenance cost validation issue;Duplicate work order number,High,1
WO-2025-000733,2025-12-13 21:00:00,100733,10255,2025-12-14 09:00:00,2025-12-15 23:00:00,-3482.76,31.86,0.00,3514.62,V2052,FastLane PM Services,EXCLUDED_REVIEW_REQUIRED,2026-05-29 14:00:10,raw.maintenance_work_orders_raw,WO-2025-000733,Maintenance cost validation issue;Maintenance cost validation issue;Duplicate work order number,High,1
WO-2024-000009,2024-01-06 12:00:00,100009,10089,2024-01-07 01:00:00,2024-01-05 12:00:00,1367.13,2018.92,0.00,3386.05,"",Industrial Equipment Repair,EXCLUDED_REVIEW_REQUIRED,2026-05-29 14:00:10,raw.maintenance_work_orders_raw,WO-2024-000009,Closed date before open date,High,1
WO-2026-002618,2024-01-30 22:45:00,102618,99103,2024-01-31 16:45:00,2024-02-03 16:45:00,812.66,1239.58,0.00,2052.24,V2001,Precision Hydraulics,EXCLUDED_REVIEW_REQUIRED,2026-05-29 14:00:10,raw.maintenance_work_orders_raw,WO-2026-002618,Orphan equipment reference,High,1
WO-2026-000968,2024-11-10 02:10:00,100968,10110,2024-11-11 16:10:00,2024-11-14 23:10:00,"$-1,693.34",272.23,57.55,2023.12,"",Central Parts Warehouse,EXCLUDED_REVIEW_REQUIRED,2026-05-29 14:00:10,raw.maintenance_work_orders_raw,WO-2026-000968,Maintenance cost validation issue,High,1
WO-2025-000031,2024-04-21 13:45:00,100031,10375,2024-04-21 13:45:00,2024-04-23 20:45:00,-3439.05,2038.41,0.00,5477.46,V2045,Superior Body Shop,EXCLUDED_REVIEW_REQUIRED,2026-05-29 14:00:10,raw.maintenance_work_orders_raw,WO-2025-000031,Maintenance cost validation issue,High,1
WO-2026-000530,2025-10-06 10:30:00,100530,99633,2025-10-07 21:30:00,2025-10-12 08:30:00,515.93,567.13,0.00,1083.06,"",Universal Fleet Solutions,EXCLUDED_REVIEW_REQUIRED,2026-05-29 14:00:10,raw.maintenance_work_orders_raw,WO-2026-000530,Orphan equipment reference,High,1
WO-2026-000881,2024-09-25 11:00:00,100881,10079,2024-09-25 13:00:00,2024-10-02 02:00:00,-2158.03,1490.62,206.03,3854.68,V2025,CITYWIDE TIRE,EXCLUDED_REVIEW_REQUIRED,2026-05-29 14:00:10,raw.maintenance_work_orders_raw,WO-2026-000881,Maintenance cost validation issue,High,1
WO-2026-002783,2024-02-01 01:15:00,102783,"",2024-02-02 02:15:00,2024-02-05 13:15:00,1100.67,2461.36,0.00,3562.03,V2001,Precision Hydraulics,EXCLUDED_REVIEW_REQUIRED,2026-05-29 14:00:10,raw.maintenance_work_orders_raw,WO-2026-002783,Missing equipment number,High,1
WO-2025-001210,2024-01-29 10:10:00,101210,10341,2024-01-29 12:10:00,2024-02-03 07:10:00,-431.84,533.94,0.00,965.78,V2014,Precision Hydraulics,EXCLUDED_REVIEW_REQUIRED,2026-05-29 14:00:10,raw.maintenance_work_orders_raw,WO-2025-001210,Maintenance cost validation issue,High,1
WO-2025-003967,2024-12-01 07:45:00,103967,99977,2024-12-01 18:45:00,2024-12-06 05:45:00,850.99,468.82,549.04,1868.85,V2033,Precision Hydraulics,EXCLUDED_REVIEW_REQUIRED,2026-05-29 14:00:10,raw.maintenance_work_orders_raw,WO-2025-003967,Orphan equipment reference,High,1
WO-2024-003234,2026-02-10 13:30:00,103234,99895,2026-02-11 18:30:00,2026-02-14 20:30:00,1782.91,1051.28,0.00,3118.24,V2017,Partner Mobile Mechanics,EXCLUDED_REVIEW_REQUIRED,2026-05-29 14:00:10,raw.maintenance_work_orders_raw,WO-2024-003234,Orphan equipment reference,High,1
WO-2024-001014,2024-07-16 14:20:00,101014,"",2024-07-16 16:20:00,07/20/2024 19:20,2673.88,24.50,0.00,2698.38,V2055,Allied Mechanics,EXCLUDED_REVIEW_REQUIRED,2026-05-29 14:00:10,raw.maintenance_work_orders_raw,WO-2024-001014,Missing equipment number,High,1
WO-2026-003521,2024-03-23 22:30:00,103521,"",2024-03-24 17:30:00,2024-03-30 00:30:00,3008.58,2241.03,0.00,5249.61,V2058,North Star Garage,EXCLUDED_REVIEW_REQUIRED,2026-05-29 14:00:10,raw.maintenance_work_orders_raw,WO-2026-003521,Missing equipment number,High,1
WO-2025-003925,2026-02-12 00:10:00,103925,"",2026-02-13 14:10:00,2026-02-22 09:10:00,686.23,583.76,$464.34,1734.33,V2048,Northside Fleet Repair,EXCLUDED_REVIEW_REQUIRED,2026-05-29 14:00:10,raw.maintenance_work_orders_raw,WO-2025-003925,Missing equipment number,High,1
WO-2024-000210,2025-09-25 03:20:00,100210,"",2025-09-25 12:20:00,2025-09-29 13:20:00,2189.90,$465.14,0.00,2655.04,V2057,City Wide Tire and Brake,EXCLUDED_REVIEW_REQUIRED,2026-05-29 14:00:10,raw.maintenance_work_orders_raw,WO-2024-000210,Missing equipment number,High,1
WO-2024-002940,2025-04-07 20:05:00,102940,"",2025-04-08 09:05:00,04/13/2025 07:05,699.56,1916.64,686.24,"$3,302.44","",BlueLine Fuel Company,EXCLUDED_REVIEW_REQUIRED,2026-05-29 14:00:10,raw.maintenance_work_orders_raw,WO-2024-002940,Missing equipment number,High,1
WO-2026-003548,2025-01-08 19:10:00,103548,"",2025-01-09 12:10:00,2025-01-11 09:10:00,1936.27,1090.26,0.00,"$3,026.53",V2012,Premier Collision Center,EXCLUDED_REVIEW_REQUIRED,2026-05-29 14:00:10,raw.maintenance_work_orders_raw,WO-2026-003548,Missing equipment number,High,1
WO-2025-002188,2024-04-30 05:00:00,102188,99124,2024-04-30 13:00:00,2024-05-07 05:00:00,402.57,1904.16,1081.67,3388.40,V2003,Lakeshore Automotive,EXCLUDED_REVIEW_REQUIRED,2026-05-29 14:00:10,raw.maintenance_work_orders_raw,WO-2025-002188,Orphan equipment reference,High,1
WO-2026-000614,2024-04-08 00:15:00,100614,99901,2024-04-09 19:15:00,2024-04-11 04:15:00,569.90,2485.52,190.95,3246.37,V2063,GreenCharge EV Supply,EXCLUDED_REVIEW_REQUIRED,2026-05-29 14:00:10,raw.maintenance_work_orders_raw,WO-2026-000614,Orphan equipment reference,High,1
WO-2024-001020,2025-06-03 05:30:00,101020,10286,2025-06-04 05:30:00,2025-06-02 00:30:00,1039.70,1263.12,0.00,2302.82,V2027,QuickFuel,EXCLUDED_REVIEW_REQUIRED,2026-05-29 14:00:10,raw.maintenance_work_orders_raw,WO-2024-001020,Closed date before open date,High,1
WO-2026-001082,2024-06-24 01:00:00,101082,10060,2024-06-25 23:00:00,2024-06-30 00:00:00,-1304.11,234.42,$560.79,2099.32,V2069,FleetPro Service Center,EXCLUDED_REVIEW_REQUIRED,2026-05-29 14:00:10,raw.maintenance_work_orders_raw,WO-2026-001082,Maintenance cost validation issue,High,1
WO-2025-002872,2026-04-08 17:45:00,102872,99111,04/10/2026 12:45,2026-04-13 10:45:00,387.07,380.34,1139.72,1907.13,V2057,City Wide Tire and Brake,EXCLUDED_REVIEW_REQUIRED,2026-05-29 14:00:10,raw.maintenance_work_orders_raw,WO-2025-002872,Orphan equipment reference,High,1
WO-2026-000965,2025-12-04 21:05:00,100965,99714,2025-12-05 07:05:00,2025-12-12 18:05:00,621.10,341.13,695.67,1657.90,V2024,Green Charge,EXCLUDED_REVIEW_REQUIRED,2026-05-29 14:00:10,raw.maintenance_work_orders_raw,WO-2026-000965,Orphan equipment reference,High,1
WO-2026-003503,2024-01-19 14:05:00,103503,10223,2024-01-20 11:05:00,2024-01-24 14:05:00,-544.98,629.26,37.61,1211.85,V2007,Apex Maintenance Group,EXCLUDED_REVIEW_REQUIRED,2026-05-29 14:00:10,raw.maintenance_work_orders_raw,WO-2026-003503,Maintenance cost validation issue,High,1
WO-2025-000409,2024-09-30 22:30:00,100409,10335,2024-10-02 22:30:00,2024-10-01 16:30:00,988.36,882.46,1118.54,"$2,989.36",V2057,City Wide Tire and Brake,EXCLUDED_REVIEW_REQUIRED,2026-05-29 14:00:10,raw.maintenance_work_orders_raw,WO-2025-000409,Closed date before open date,High,1
WO-2026-000818,2024-11-25 23:10:00,100818,10402,2024-11-27 17:10:00,2024-12-01 22:10:00,-2357.76,1879.72,63.83,4301.31,V2006,City Wide Tire and Brake,EXCLUDED_REVIEW_REQUIRED,2026-05-29 14:00:10,raw.maintenance_work_orders_raw,WO-2026-000818,Maintenance cost validation issue,High,1
WO-2026-000296,2025-11-17 22:45:00,100296,10312,2025-11-19 21:45:00,2025-11-16 23:45:00,2246.20,698.00,$0.00,2944.20,V2014,Precision Hydraulics,EXCLUDED_REVIEW_REQUIRED,2026-05-29 14:00:10,raw.maintenance_work_orders_raw,WO-2026-000296,Closed date before open date,High,1
WO-2024-001815,2026-04-27 19:00:00,101815,10257,2026-04-29 10:00:00,2026-05-03 19:00:00,-1710.80,595.07,$0.00,"$2,305.87",V2029,Interstate Repair Depot,EXCLUDED_REVIEW_REQUIRED,2026-05-29 14:00:10,raw.maintenance_work_orders_raw,WO-2024-001815,Maintenance cost validation issue,High,1
WO-2025-002827,2025-03-08 19:00:00,102827,99268,2025-03-09 01:00:00,2025-03-13 05:00:00,752.49,$765.01,452.10,1969.60,V2032,Reliable Truck Service,EXCLUDED_REVIEW_REQUIRED,2026-05-29 14:00:10,raw.maintenance_work_orders_raw,WO-2025-002827,Orphan equipment reference,High,1
WO-2025-003913,2026-01-03 00:30:00,103913,"",2026-01-04 08:30:00,2026-01-07 06:30:00,774.91,12.74,0.00,787.65,V2006,FleetPro Service Center,EXCLUDED_REVIEW_REQUIRED,2026-05-29 14:00:10,raw.maintenance_work_orders_raw,WO-2025-003913,Missing equipment number,High,1
WO-2026-000467,2025-03-05 04:00:00,100467,"",03/05/2025 19:00,2025-03-10 17:00:00,232.17,2179.00,0.00,2411.17,V2012,Premier Collision Center,EXCLUDED_REVIEW_REQUIRED,2026-05-29 14:00:10,raw.maintenance_work_orders_raw,WO-2026-000467,Missing equipment number,High,1
WO-2024-001347,2024-05-28 01:05:00,101347,"",2024-05-29 23:05:00,2024-06-04 06:05:00,963.91,1774.86,308.63,3047.40,V2068,Premier Collision Center,EXCLUDED_REVIEW_REQUIRED,2026-05-29 14:00:10,raw.maintenance_work_orders_raw,WO-2024-001347,Missing equipment number,High,1
WO-2024-003966,2026-03-30 10:15:00,103966,99386,2026-03-31 01:15:00,2026-04-02 16:15:00,1858.92,2231.43,0.00,4090.35,V2006,Unknown Vendor,EXCLUDED_REVIEW_REQUIRED,2026-05-29 14:00:10,raw.maintenance_work_orders_raw,WO-2024-003966,Orphan equipment reference,High,1
WO-2026-000683,12/02/2025 21:15,100683,"",2025-12-03 16:15:00,2025-12-09 04:15:00,1265.23,141.09,439.23,1845.55,V2040,Quick Fuel Partners,EXCLUDED_REVIEW_REQUIRED,2026-05-29 14:00:10,raw.maintenance_work_orders_raw,WO-2026-000683,Missing equipment number,High,1
WO-2024-001746,2025-06-09 03:10:00,101746,99855,2025-06-11 00:10:00,2025-06-16 12:10:00,"$2,289.55",2182.66,0.00,4472.21,V2020,Metro Fuel Svc,EXCLUDED_REVIEW_REQUIRED,2026-05-29 14:00:10,raw.maintenance_work_orders_raw,WO-2024-001746,Orphan equipment reference,High,1
WO-2025-002980,2025-04-22 19:00:00,102980,99410,2025-04-23 01:00:00,2025-04-24 20:00:00,1499.03,705.49,0.00,2204.52,V9936,"",EXCLUDED_REVIEW_REQUIRED,2026-05-29 14:00:10,raw.maintenance_work_orders_raw,WO-2025-002980,Orphan equipment reference,High,1
WO-2025-000019,2024-12-25 04:45:00,100019,"",2024-12-25 18:45:00,2024-12-30 05:45:00,874.92,68.35,664.02,1607.29,V2014,Precision Hydraulics,EXCLUDED_REVIEW_REQUIRED,2026-05-29 14:00:10,raw.maintenance_work_orders_raw,WO-2025-000019,Missing equipment number,High,1
WO-2026-003038,2026-04-08 17:05:00,103038,10091,2026-04-09 13:05:00,2026-04-14 06:05:00,-468.67,2133.10,798.33,3400.10,V2010,Quick Fuel Partners,EXCLUDED_REVIEW_REQUIRED,2026-05-29 14:00:10,raw.maintenance_work_orders_raw,WO-2026-003038,Maintenance cost validation issue,High,1
WO-2024-000603,2024-10-04 07:00:00,100603,10130,2024-10-05 17:00:00,2024-10-13 19:00:00,-2089.02,1547.74,0.00,3636.76,V2008,Reliable Truck Service,EXCLUDED_REVIEW_REQUIRED,2026-05-29 14:00:10,raw.maintenance_work_orders_raw,WO-2024-000603,Maintenance cost validation issue,High,1
WO-2024-000870,2026-01-30 03:05:00,100870,99424,2026-01-31 18:05:00,2026-02-07 16:05:00,1304.83,2231.64,0.00,"$3,536.47","",Northside Fleet Repair,EXCLUDED_REVIEW_REQUIRED,2026-05-29 14:00:10,raw.maintenance_work_orders_raw,WO-2024-000870,Orphan equipment reference,High,1
WO-2026-000545,2025-07-25 05:15:00,100545,"",2025-07-26 18:15:00,2025-08-01 15:15:00,"$1,132.82",94.63,0.00,1227.45,V2030,Industrial Equipment Repair,EXCLUDED_REVIEW_REQUIRED,2026-05-29 14:00:10,raw.maintenance_work_orders_raw,WO-2026-000545,Missing equipment number,High,1
WO-2026-000260,07/15/2024 04:45,100260,10136,2024-07-17 04:45:00,2024-07-14 22:45:00,"$1,261.53",1647.09,251.60,"$3,160.22",V2065,RoadReady Repairs,EXCLUDED_REVIEW_REQUIRED,2026-05-29 14:00:10,raw.maintenance_work_orders_raw,WO-2026-000260,Closed date before open date,High,1
WO-2025-003196,2025-02-14 17:45:00,103196,10007,2025-02-15 17:45:00,2025-02-18 04:45:00,-3713.08,170.80,0.00,3883.88,V2065,RoadReady Repairs,EXCLUDED_REVIEW_REQUIRED,2026-05-29 14:00:10,raw.maintenance_work_orders_raw,WO-2025-003196,Maintenance cost validation issue,High,1
WO-2024-003822,2024-02-11 12:45:00,103822,"",2024-02-12 07:45:00,2024-02-19 12:45:00,460.44,1224.83,0.00,1685.27,V2012,Premier Collision Center,EXCLUDED_REVIEW_REQUIRED,2026-05-29 14:00:10,raw.maintenance_work_orders_raw,WO-2024-003822,Missing equipment number,High,1
WO-2024-001230,2024-11-12 00:15:00,101230,10283,2024-11-13 19:15:00,2024-11-19 09:15:00,-1952.50,1943.38,167.85,"$4,063.73",V2025,CITYWIDE TIRE,EXCLUDED_REVIEW_REQUIRED,2026-05-29 14:00:10,raw.maintenance_work_orders_raw,WO-2024-001230,Maintenance cost validation issue,High,1
WO-2025-000115,2024-08-31 21:00:00,100115,10048,2024-09-02 13:00:00,2024-09-01 23:00:00,$348.23,2170.12,0.00,2518.35,V2042,Urban Fleet Maintenance,EXCLUDED_REVIEW_REQUIRED,2026-05-29 14:00:10,raw.maintenance_work_orders_raw,WO-2025-000115,Closed date before open date,High,1
WO-2025-002530,2025-12-21 13:00:00,102530,99717,2025-12-22 17:00:00,2025-12-28 10:00:00,$758.46,1564.11,"$1,012.93",3335.50,V2070,Unknown Vendor,EXCLUDED_REVIEW_REQUIRED,2026-05-29 14:00:10,raw.maintenance_work_orders_raw,WO-2025-002530,Orphan equipment reference,High,1
WO-2025-001123,2024-07-10 13:05:00,101123,99880,2024-07-11 10:05:00,2024-07-17 19:05:00,1589.70,1017.15,1016.90,3623.75,V2024,Green Charge,EXCLUDED_REVIEW_REQUIRED,2026-05-29 14:00:10,raw.maintenance_work_orders_raw,WO-2025-001123,Orphan equipment reference,High,1
WO-2025-000667,2024-03-28 06:20:00,100667,99853,2024-03-29 06:20:00,2024-04-01 01:20:00,124.29,72.75,206.86,403.90,V2006,FleetPro Service Center,EXCLUDED_REVIEW_REQUIRED,2026-05-29 14:00:10,raw.maintenance_work_orders_raw,WO-2025-000667,Orphan equipment reference,High,1
WO-2024-002715,2025-03-28 14:15:00,102715,99653,2025-03-29 16:15:00,2025-04-01 21:15:00,"$2,021.64",2242.22,0.00,4263.86,V2007,Midwest Diesel Service,EXCLUDED_REVIEW_REQUIRED,2026-05-29 14:00:10,raw.maintenance_work_orders_raw,WO-2024-002715,Orphan equipment reference,High,1
WO-2025-001834,2025-04-02 18:05:00,101834,10175,2025-04-03 22:05:00,2025-04-02 18:05:00,3566.01,"$2,279.70",422.20,6267.91,V2020,Metro Fuel Svc,EXCLUDED_REVIEW_REQUIRED,2026-05-29 14:00:10,raw.maintenance_work_orders_raw,WO-2025-001834,Closed date before open date,High,1
WO-2024-003567,2026-03-26 17:15:00,103567,10141,2026-03-27 04:15:00,2026-04-01 01:15:00,1500.42,2324.71,387.00,4212.13,V2006,FleetPro Service Center,EXCLUDED_REVIEW_REQUIRED,2026-05-29 14:00:10,raw.maintenance_work_orders_raw,WO-2024-003567,Duplicate work order number,High,1
WO-2024-003567,2026-03-26 17:15:00,103567,10141,2026-03-27 04:15:00,2026-04-01 01:15:00,1500.42,2324.71,387.00,4212.13,V2006,FleetPro Service Center,EXCLUDED_REVIEW_REQUIRED,2026-05-29 14:00:10,raw.maintenance_work_orders_raw,WO-2024-003567,Duplicate work order number,High,1
WO-2024-001800,2024-03-14 16:20:00,101800,10149,2024-03-16 07:20:00,2024-03-21 09:20:00,2487.04,2395.21,0.00,4882.25,"",Reliable Truck Service,EXCLUDED_REVIEW_REQUIRED,2026-05-29 14:00:10,raw.maintenance_work_orders_raw,WO-2024-001800,Duplicate work order number,High,1
WO-2024-001800,2024-03-14 16:20:00,101800,10149,2024-03-16 07:20:00,2024-03-21 09:20:00,2487.04,2395.21,0.00,4882.25,"",Reliable Truck Service,EXCLUDED_REVIEW_REQUIRED,2026-05-29 14:00:10,raw.maintenance_work_orders_raw,WO-2024-001800,Duplicate work order number,High,1
WO-2026-001235,2026-01-26 00:15:00,101235,"",2026-01-27 15:15:00,2026-02-03 00:15:00,1233.14,637.16,0.00,1870.30,V2046,Atlas Heavy Truck,EXCLUDED_REVIEW_REQUIRED,2026-05-29 14:00:10,raw.maintenance_work_orders_raw,WO-2026-001235,Missing equipment number,High,1
WO-2025-001690,2025-10-23 19:20:00,101690,99881,2025-10-25 18:20:00,2025-10-29 19:20:00,2574.24,1685.90,331.29,4591.43,V2014,Precision Hydraulics,EXCLUDED_REVIEW_REQUIRED,2026-05-29 14:00:10,raw.maintenance_work_orders_raw,WO-2025-001690,Orphan equipment reference,High,1
WO-2024-000105,2025-02-19 17:20:00,100105,99548,2025-02-19 19:20:00,2025-02-24 14:20:00,1231.56,1448.71,0.00,2680.27,V2042,Urban Fleet Maintenance,EXCLUDED_REVIEW_REQUIRED,2026-05-29 14:00:10,raw.maintenance_work_orders_raw,WO-2024-000105,Orphan equipment reference,High,1
WO-2026-002045,2024-08-20 00:20:00,102045,99722,2024-08-21 01:20:00,2024-08-26 17:20:00,2550.27,$142.97,905.92,3599.16,"",Premier Collision Center,EXCLUDED_REVIEW_REQUIRED,2026-05-29 14:00:10,raw.maintenance_work_orders_raw,WO-2026-002045,Orphan equipment reference,High,1
WO-2024-003417,06/14/2025 09:15,103417,99564,2025-06-15 20:15:00,2025-06-19 05:15:00,"$-3,802.23",1698.83,0.00,5501.06,V2046,Atlas Heavy Truck,EXCLUDED_REVIEW_REQUIRED,2026-05-29 14:00:10,raw.maintenance_work_orders_raw,WO-2024-003417,Orphan equipment reference;Maintenance cost validation issue,High,1
WO-2025-002197,04/14/2024 17:45,102197,"",2024-04-15 22:45:00,2024-04-17 18:45:00,172.67,1605.31,0.00,1777.98,V2069,Unknown Vendor,EXCLUDED_REVIEW_REQUIRED,2026-05-29 14:00:10,raw.maintenance_work_orders_raw,WO-2025-002197,Missing equipment number,High,1
WO-2026-001598,2025-12-15 15:10:00,101598,10127,2025-12-17 05:10:00,2025-12-21 04:10:00,-373.85,1780.17,0.00,2154.02,V2027,QuickFuel,EXCLUDED_REVIEW_REQUIRED,2026-05-29 14:00:10,raw.maintenance_work_orders_raw,WO-2026-001598,Maintenance cost validation issue,High,1
WO-2024-003642,10/22/2025 16:45,103642,99750,2025-10-22 19:45:00,2025-10-31 11:45:00,1841.14,458.17,480.60,2779.91,V2040,Quick Fuel Partners,EXCLUDED_REVIEW_REQUIRED,2026-05-29 14:00:10,raw.maintenance_work_orders_raw,WO-2024-003642,Orphan equipment reference,High,1
WO-2026-002231,2024-01-02 19:05:00,102231,10216,2024-01-03 23:05:00,2024-01-03 03:05:00,1180.07,1253.27,572.71,3006.05,V2054,Precision Hydraulics,EXCLUDED_REVIEW_REQUIRED,2026-05-29 14:00:10,raw.maintenance_work_orders_raw,WO-2026-002231,Closed date before open date,High,1
WO-2025-002275,2024-09-01 21:15:00,102275,"",2024-09-02 15:15:00,2024-09-11 15:15:00,876.70,1235.00,0.00,2111.70,"",Interstate Repair Depot,EXCLUDED_REVIEW_REQUIRED,2026-05-29 14:00:10,raw.maintenance_work_orders_raw,WO-2025-002275,Missing equipment number,High,1
WO-2024-003792,2025-07-27 04:00:00,103792,"",2025-07-27 22:00:00,2025-08-05 18:00:00,759.80,66.52,0.00,826.32,V2066,Reliable Truck Service,EXCLUDED_REVIEW_REQUIRED,2026-05-29 14:00:10,raw.maintenance_work_orders_raw,WO-2024-003792,Missing equipment number,High,1
WO-2024-001689,01/04/2024 18:00,101689,99987,2024-01-05 04:00:00,2024-01-08 15:00:00,2706.28,513.67,913.44,4133.39,V2055,Allied Mechanics,EXCLUDED_REVIEW_REQUIRED,2026-05-29 14:00:10,raw.maintenance_work_orders_raw,WO-2024-001689,Orphan equipment reference,High,1
WO-2026-002624,2024-03-28 08:00:00,102624,"",2024-03-30 06:00:00,2024-04-02 16:00:00,2308.49,875.10,447.58,3631.17,V2020,Metro Fuel Services Company,EXCLUDED_REVIEW_REQUIRED,2026-05-29 14:00:10,raw.maintenance_work_orders_raw,WO-2026-002624,Missing equipment number,High,1
WO-2024-003402,2025-06-05 01:05:00,103402,99187,2025-06-05 08:05:00,2025-06-09 15:05:00,2080.01,1925.33,0.00,4005.34,V2008,Reliable Truck Service,EXCLUDED_REVIEW_REQUIRED,2026-05-29 14:00:10,raw.maintenance_work_orders_raw,WO-2024-003402,Orphan equipment reference,High,1
WO-2025-001240,03/06/2025 09:00,101240,10302,2025-03-08 09:00:00,2025-03-13 18:00:00,2790.21,1660.45,$0.00,4450.66,V2009,"Joe's Automotive LLC",EXCLUDED_REVIEW_REQUIRED,2026-05-29 14:00:10,raw.maintenance_work_orders_raw,WO-2025-001240,Duplicate work order number,High,1
WO-2025-001240,03/06/2025 09:00,101240,10302,2025-03-08 09:00:00,2025-03-13 18:00:00,2790.21,1660.45,$0.00,4450.66,V2009,"Joe's Automotive LLC",EXCLUDED_REVIEW_REQUIRED,2026-05-29 14:00:10,raw.maintenance_work_orders_raw,WO-2025-001240,Duplicate work order number,High,1
WO-2025-003049,2024-03-29 07:05:00,103049,10276,2024-03-30 02:05:00,2024-04-02 22:05:00,1314.64,1318.07,0.00,2632.71,V2047,Precision Hydraulics,EXCLUDED_REVIEW_REQUIRED,2026-05-29 14:00:10,raw.maintenance_work_orders_raw,WO-2025-003049,Duplicate work order number,High,1
WO-2025-003049,2024-03-29 07:05:00,103049,10276,2024-03-30 02:05:00,2024-04-02 22:05:00,1314.64,1318.07,0.00,2632.71,V2047,Precision Hydraulics,EXCLUDED_REVIEW_REQUIRED,2026-05-29 14:00:10,raw.maintenance_work_orders_raw,WO-2025-003049,Duplicate work order number,High,1
WO-2025-003892,2024-06-10 20:15:00,103892,10047,2024-06-11 23:15:00,2024-06-13 11:15:00,-406.34,802.38,0.00,1208.72,V2049,Precision Hydraulics,EXCLUDED_REVIEW_REQUIRED,2026-05-29 14:00:10,raw.maintenance_work_orders_raw,WO-2025-003892,Maintenance cost validation issue,High,1
WO-2026-003167,2024-03-28 03:30:00,103167,10077,2024-03-29 11:30:00,2024-03-28 02:30:00,2207.78,704.17,0.00,2911.95,V2025,CITYWIDE TIRE,EXCLUDED_REVIEW_REQUIRED,2026-05-29 14:00:10,raw.maintenance_work_orders_raw,WO-2026-003167,Closed date before open date,High,1
WO-2025-002947,2026-01-12 17:05:00,102947,10358,2026-01-12 21:05:00,2026-01-11 09:05:00,186.91,2247.79,$0.00,2434.70,V2019,Central Parts Warehouse,EXCLUDED_REVIEW_REQUIRED,2026-05-29 14:00:10,raw.maintenance_work_orders_raw,WO-2025-002947,Closed date before open date,High,1
WO-2024-000381,2024-07-02 09:30:00,100381,10200,2024-07-03 05:30:00,2024-07-03 23:30:00,-1603.29,"$1,948.18",0.00,3551.47,V2027,QuickFuel,EXCLUDED_REVIEW_REQUIRED,2026-05-29 14:00:10,raw.maintenance_work_orders_raw,WO-2024-000381,Maintenance cost validation issue,High,1
WO-2026-002747,2024-02-21 03:15:00,102747,10281,2024-02-21 08:15:00,2024-02-20 16:15:00,1118.22,593.98,750.93,2463.13,V2055,Allied Mechanics,EXCLUDED_REVIEW_REQUIRED,2026-05-29 14:00:10,raw.maintenance_work_orders_raw,WO-2026-002747,Closed date before open date,High,1
WO-2024-002070,2024-12-18 09:10:00,102070,10112,2024-12-19 17:10:00,2024-12-27 09:10:00,2848.72,584.81,$0.00,3433.53,V2031,Universal Fleet Solutions,EXCLUDED_REVIEW_REQUIRED,2026-05-29 14:00:10,raw.maintenance_work_orders_raw,WO-2024-002070,Duplicate work order number,High,1
WO-2024-002070,2024-12-18 09:10:00,102070,10112,2024-12-19 17:10:00,2024-12-27 09:10:00,2848.72,584.81,$0.00,3433.53,V2031,Universal Fleet Solutions,EXCLUDED_REVIEW_REQUIRED,2026-05-29 14:00:10,raw.maintenance_work_orders_raw,WO-2024-002070,Duplicate work order number,High,1
WO-2024-000234,2025-12-21 17:05:00,100234,99326,2025-12-22 03:05:00,2025-12-27 20:05:00,3061.96,132.26,0.00,3194.22,V2069,FleetPro Service Center,EXCLUDED_REVIEW_REQUIRED,2026-05-29 14:00:10,raw.maintenance_work_orders_raw,WO-2024-000234,Orphan equipment reference,High,1
WO-2026-003446,2024-08-22 17:05:00,103446,99773,08/23/2024 23:05,2024-08-26 23:05:00,1795.83,311.32,0.00,2107.15,V2008,Reliable Truck Service,EXCLUDED_REVIEW_REQUIRED,2026-05-29 14:00:10,raw.maintenance_work_orders_raw,WO-2026-003446,Orphan equipment reference,High,1
WO-2025-003751,2025-04-01 06:15:00,103751,99538,2025-04-02 00:15:00,2025-04-10 02:15:00,2777.27,2417.25,90.65,5285.17,V2070,Premier Collision Center,EXCLUDED_REVIEW_REQUIRED,2026-05-29 14:00:10,raw.maintenance_work_orders_raw,WO-2025-003751,Orphan equipment reference,High,1
WO-2026-000041,2025-04-04 23:30:00,100041,99855,2025-04-05 18:30:00,2025-04-11 03:30:00,498.88,1901.46,$0.00,2400.34,V2051,Central Parts Warehouse,EXCLUDED_REVIEW_REQUIRED,2026-05-29 14:00:10,raw.maintenance_work_orders_raw,WO-2026-000041,Orphan equipment reference,High,1
WO-2024-003915,2025-07-17 16:30:00,103915,10357,2025-07-19 05:30:00,2025-07-18 16:30:00,1282.40,179.95,0.00,1462.35,V2045,Superior Body Shop,EXCLUDED_REVIEW_REQUIRED,2026-05-29 14:00:10,raw.maintenance_work_orders_raw,WO-2024-003915,Closed date before open date,High,1
WO-2024-002202,2025-04-13 01:30:00,102202,99761,2025-04-14 17:30:00,2025-04-21 13:30:00,3252.03,1214.83,0.00,4466.86,V2007,Midwest Diesel Service,EXCLUDED_REVIEW_REQUIRED,2026-05-29 14:00:10,raw.maintenance_work_orders_raw,WO-2024-002202,Orphan equipment reference,High,1
WO-2026-001595,2024-01-01 03:45:00,101595,99140,2024-01-01 21:45:00,2024-01-06 19:45:00,"$1,624.72",$476.09,751.62,2852.43,V2068,Premier Collision Center,EXCLUDED_REVIEW_REQUIRED,2026-05-29 14:00:10,raw.maintenance_work_orders_raw,WO-2026-001595,Orphan equipment reference,High,1
WO-2024-002307,2024-09-17 17:10:00,102307,10329,2024-09-18 01:10:00,2024-09-16 06:10:00,421.96,1693.07,403.66,2518.69,V2034,Premier Collision Center,EXCLUDED_REVIEW_REQUIRED,2026-05-29 14:00:10,raw.maintenance_work_orders_raw,WO-2024-002307,Closed date before open date,High,1
WO-2025-002044,2024-10-25 12:05:00,102044,99952,2024-10-26 21:05:00,2024-10-31 19:05:00,3147.31,2251.52,$0.00,5398.83,V2007,Midwest Diesel Service,EXCLUDED_REVIEW_REQUIRED,2026-05-29 14:00:10,raw.maintenance_work_orders_raw,WO-2025-002044,Orphan equipment reference,High,1
WO-2026-002399,2024-06-03 07:20:00,102399,99547,2024-06-04 17:20:00,2024-06-10 12:20:00,787.92,$366.56,0.00,1154.48,V2050,Unknown Vendor,EXCLUDED_REVIEW_REQUIRED,2026-05-29 14:00:10,raw.maintenance_work_orders_raw,WO-2026-002399,Orphan equipment reference,High,1
WO-2026-000725,2024-11-20 09:05:00,100725,99874,2024-11-21 21:05:00,2024-11-27 22:05:00,"$2,706.02",2227.01,0.00,4933.03,V2054,Precision Hydraulics,EXCLUDED_REVIEW_REQUIRED,2026-05-29 14:00:10,raw.maintenance_work_orders_raw,WO-2026-000725,Orphan equipment reference,High,1
WO-2025-001111,2025-04-01 03:00:00,101111,"",2025-04-02 22:00:00,04/05/2025 15:00,1761.71,410.36,$173.60,2345.67,V2032,Reliable Truck Service,EXCLUDED_REVIEW_REQUIRED,2026-05-29 14:00:10,raw.maintenance_work_orders_raw,WO-2025-001111,Missing equipment number,High,1
WO-2025-000583,2024-03-21 09:45:00,100583,"",2024-03-22 16:45:00,2024-03-31 10:45:00,638.80,1058.84,0.00,1697.64,V2048,Northside Fleet Repair,EXCLUDED_REVIEW_REQUIRED,2026-05-29 14:00:10,raw.maintenance_work_orders_raw,WO-2025-000583,Missing equipment number,High,1
WO-2025-001258,2024-01-08 17:10:00,101258,10420,2024-01-09 19:10:00,2024-01-20 04:10:00,2404.24,391.45,0.00,2795.69,V2034,Premier Collision Center,EXCLUDED_REVIEW_REQUIRED,2026-05-29 14:00:10,raw.maintenance_work_orders_raw,WO-2025-001258,Duplicate work order number,High,1
WO-2025-001258,2024-01-08 17:10:00,101258,10420,2024-01-09 19:10:00,2024-01-20 04:10:00,2404.24,391.45,0.00,2795.69,V2034,Premier Collision Center,EXCLUDED_REVIEW_REQUIRED,2026-05-29 14:00:10,raw.maintenance_work_orders_raw,WO-2025-001258,Duplicate work order number,High,1
WO-2026-002759,2024-05-01 15:20:00,102759,"",2024-05-01 22:20:00,2024-05-08 00:20:00,1180.55,2428.77,0.00,3609.32,V2039,Premier Collision Center,EXCLUDED_REVIEW_REQUIRED,2026-05-29 14:00:10,raw.maintenance_work_orders_raw,WO-2026-002759,Missing equipment number,High,1
WO-2024-002550,2024-06-24 23:00:00,102550,"",2024-06-25 20:00:00,2024-07-03 03:00:00,1520.26,2288.93,0.00,3809.19,V2065,RoadReady Repairs,EXCLUDED_REVIEW_REQUIRED,2026-05-29 14:00:10,raw.maintenance_work_orders_raw,WO-2024-002550,Missing equipment number,High,1
WO-2026-003929,2026-04-11 20:20:00,103929,99312,2026-04-12 10:20:00,2026-04-21 01:20:00,3973.39,2258.95,0.00,6232.34,V2027,QuickFuel,EXCLUDED_REVIEW_REQUIRED,2026-05-29 14:00:10,raw.maintenance_work_orders_raw,WO-2026-003929,Orphan equipment reference,High,1
WO-2024-002139,2025-04-05 08:00:00,102139,10150,2025-04-05 13:00:00,2025-04-10 01:00:00,-3132.88,1797.12,1022.02,5952.02,V2052,FastLane PM Services,EXCLUDED_REVIEW_REQUIRED,2026-05-29 14:00:10,raw.maintenance_work_orders_raw,WO-2024-002139,Maintenance cost validation issue,High,1
WO-2024-001452,2024-05-29 08:05:00,101452,99476,2024-05-30 00:05:00,2024-06-03 12:05:00,2573.84,731.59,0.00,3305.43,V2040,Unknown Vendor,EXCLUDED_REVIEW_REQUIRED,2026-05-29 14:00:10,raw.maintenance_work_orders_raw,WO-2024-001452,Orphan equipment reference,High,1
WO-2025-003553,2025-05-23 13:00:00,103553,10344,2025-05-24 00:00:00,2025-05-22 04:00:00,805.67,$795.72,640.45,"$2,241.84",V2046,Atlas Heavy Truck,EXCLUDED_REVIEW_REQUIRED,2026-05-29 14:00:10,raw.maintenance_work_orders_raw,WO-2025-003553,Closed date before open date,High,1
WO-2026-002903,10/07/2024 09:00,102903,10415,2024-10-08 20:00:00,2024-10-11 17:00:00,-1182.40,775.50,360.88,2318.78,V2014,BlueLine Fuel,EXCLUDED_REVIEW_REQUIRED,2026-05-29 14:00:10,raw.maintenance_work_orders_raw,WO-2026-002903,Maintenance cost validation issue,High,1
WO-2024-001821,2026-04-17 02:20:00,101821,99313,2026-04-18 19:20:00,2026-04-23 10:20:00,1533.10,1746.52,0.00,3279.62,V2037,Central Parts Warehouse,EXCLUDED_REVIEW_REQUIRED,2026-05-29 14:00:10,raw.maintenance_work_orders_raw,WO-2024-001821,Orphan equipment reference,High,1
WO-2024-000855,2024-12-13 13:45:00,100855,10167,12/13/2024 23:45,2024-12-11 16:45:00,1074.59,950.14,199.64,2224.37,V2006,FleetPro Service Center,EXCLUDED_REVIEW_REQUIRED,2026-05-29 14:00:10,raw.maintenance_work_orders_raw,WO-2024-000855,Closed date before open date,High,1
WO-2025-003787,2024-10-14 06:45:00,103787,99963,2024-10-14 16:45:00,2024-10-19 16:45:00,1677.91,2460.05,0.00,4137.96,V2031,Universal Fleet Solutions,EXCLUDED_REVIEW_REQUIRED,2026-05-29 14:00:10,raw.maintenance_work_orders_raw,WO-2025-003787,Orphan equipment reference,High,1
WO-2025-003217,2024-06-18 02:45:00,103217,"",2024-06-19 07:45:00,2024-06-22 12:45:00,2835.98,1533.66,0.00,4369.64,V2052,FastLane PM Services,EXCLUDED_REVIEW_REQUIRED,2026-05-29 14:00:10,raw.maintenance_work_orders_raw,WO-2025-003217,Missing equipment number,High,1
WO-2026-003041,2026-01-25 07:00:00,103041,"",2026-01-25 12:00:00,2026-02-03 12:00:00,1386.87,1805.00,0.00,3191.87,V2069,FleetPro Service Center,EXCLUDED_REVIEW_REQUIRED,2026-05-29 14:00:10,raw.maintenance_work_orders_raw,WO-2026-003041,Missing equipment number,High,1
WO-2026-003077,2024-02-06 13:45:00,103077,99856,2024-02-07 05:45:00,2024-02-13 13:45:00,1060.58,165.31,0.00,1225.89,V2014,Precision Hydraulics,EXCLUDED_REVIEW_REQUIRED,2026-05-29 14:00:10,raw.maintenance_work_orders_raw,WO-2026-003077,Orphan equipment reference,High,1
WO-2024-003714,2026-01-26 19:10:00,103714,99670,2026-01-27 01:10:00,2026-02-01 02:10:00,1272.68,2238.37,0.00,3511.05,V2058,North Star Garage,EXCLUDED_REVIEW_REQUIRED,2026-05-29 14:00:10,raw.maintenance_work_orders_raw,WO-2024-003714,Orphan equipment reference,High,1
WO-2024-000669,2024-07-15 09:45:00,100669,99906,2024-07-15 13:45:00,2024-07-22 09:45:00,81.14,1233.07,0.00,1314.21,V2024,Green Charge,EXCLUDED_REVIEW_REQUIRED,2026-05-29 14:00:10,raw.maintenance_work_orders_raw,WO-2024-000669,Orphan equipment reference,High,1
WO-2026-003509,2024-12-24 18:45:00,103509,99407,2024-12-25 19:45:00,2024-12-30 07:45:00,1914.76,2428.17,1109.04,5451.97,"",Central Parts Warehouse,EXCLUDED_REVIEW_REQUIRED,2026-05-29 14:00:10,raw.maintenance_work_orders_raw,WO-2026-003509,Orphan equipment reference,High,1
WO-2026-000482,2026-01-23 07:15:00,100482,10044,2026-01-23 09:15:00,2026-01-22 02:15:00,2592.35,446.36,877.11,3915.82,V2025,CITYWIDE TIRE,EXCLUDED_REVIEW_REQUIRED,2026-05-29 14:00:10,raw.maintenance_work_orders_raw,WO-2026-000482,Closed date before open date,High,1
WO-2024-001572,2025-06-12 07:30:00,101572,"",2025-06-13 18:30:00,2025-06-18 07:30:00,"$1,516.65",555.04,786.90,2858.59,V2014,Precision Hydraulics,EXCLUDED_REVIEW_REQUIRED,2026-05-29 14:00:10,raw.maintenance_work_orders_raw,WO-2024-001572,Missing equipment number,High,1
WO-2025-003574,2026-02-23 03:20:00,103574,10310,2026-02-23 06:20:00,2026-03-03 12:20:00,-943.32,795.06,0.00,1738.38,V2065,RoadReady Repairs,EXCLUDED_REVIEW_REQUIRED,2026-05-29 14:00:10,raw.maintenance_work_orders_raw,WO-2025-003574,Maintenance cost validation issue,High,1
WO-2025-003619,2025-03-21 09:05:00,103619,"",2025-03-21 14:05:00,2025-03-28 08:05:00,953.19,308.12,824.24,"$2,085.55",V2057,City Wide Tire and Brake,EXCLUDED_REVIEW_REQUIRED,2026-05-29 14:00:10,raw.maintenance_work_orders_raw,WO-2025-003619,Missing equipment number,High,1
WO-2024-000036,2025-03-11 06:10:00,100036,10335,2025-03-12 08:10:00,2025-03-16 05:10:00,2247.19,442.81,0.00,2690.00,"",Industrial Equipment Repair,EXCLUDED_REVIEW_REQUIRED,2026-05-29 14:00:10,raw.maintenance_work_orders_raw,WO-2024-000036,Duplicate work order number,High,1
WO-2024-000036,2025-03-11 06:10:00,100036,10335,2025-03-12 08:10:00,2025-03-16 05:10:00,2247.19,442.81,0.00,2690.00,"",Industrial Equipment Repair,EXCLUDED_REVIEW_REQUIRED,2026-05-29 14:00:10,raw.maintenance_work_orders_raw,WO-2024-000036,Duplicate work order number,High,1
WO-2024-003384,2024-05-02 18:00:00,103384,10227,2024-05-03 05:00:00,2024-05-09 05:00:00,-881.22,2402.91,0.00,3284.13,V2065,RoadReady Repairs,EXCLUDED_REVIEW_REQUIRED,2026-05-29 14:00:10,raw.maintenance_work_orders_raw,WO-2024-003384,Maintenance cost validation issue,High,1
WO-2026-001709,2024-03-08 21:10:00,101709,"",03/10/2024 02:10,2024-03-19 21:10:00,$284.95,1511.44,951.34,2747.73,"",Northside Fleet Repair,EXCLUDED_REVIEW_REQUIRED,2026-05-29 14:00:10,raw.maintenance_work_orders_raw,WO-2026-001709,Missing equipment number,High,1
WO-2025-000424,2025-07-15 16:05:00,100424,99830,2025-07-16 06:05:00,2025-07-19 08:05:00,1706.47,1377.98,$0.00,3084.45,V2031,Universal Fleet Solutions,EXCLUDED_REVIEW_REQUIRED,2026-05-29 14:00:10,raw.maintenance_work_orders_raw,WO-2025-000424,Orphan equipment reference,High,1
WO-2026-003149,2025-11-06 23:15:00,103149,"",2025-11-08 02:15:00,2025-11-13 15:15:00,2455.30,2488.20,1165.38,6108.88,V2004,FleetPro Service Center,EXCLUDED_REVIEW_REQUIRED,2026-05-29 14:00:10,raw.maintenance_work_orders_raw,WO-2026-003149,Missing equipment number,High,1
WO-2024-000126,2024-11-10 08:15:00,100126,99710,2024-11-12 04:15:00,2024-11-15 00:15:00,633.64,1381.17,$0.00,2014.81,V2004,FleetPro Service Center,EXCLUDED_REVIEW_REQUIRED,2026-05-29 14:00:10,raw.maintenance_work_orders_raw,WO-2024-000126,Orphan equipment reference,High,1
WO-2024-003636,2025-07-25 20:10:00,103636,"",2025-07-26 06:10:00,2025-07-28 11:10:00,1455.31,162.86,298.29,1916.46,V2012,Premier Collision Center,EXCLUDED_REVIEW_REQUIRED,2026-05-29 14:00:10,raw.maintenance_work_orders_raw,WO-2024-003636,Missing equipment number,High,1
WO-2026-002261,2025-01-11 05:30:00,102261,"",2025-01-12 14:30:00,2025-01-18 09:30:00,$866.09,1841.60,0.00,2707.69,V2048,Northside Fleet Repair,EXCLUDED_REVIEW_REQUIRED,2026-05-29 14:00:10,raw.maintenance_work_orders_raw,WO-2026-002261,Missing equipment number,High,1
WO-2025-002224,2025-07-25 11:00:00,102224,99862,2025-07-25 21:00:00,2025-08-01 11:00:00,1755.43,"$2,345.62",0.00,4101.05,V2024,Green Charge,EXCLUDED_REVIEW_REQUIRED,2026-05-29 14:00:10,raw.maintenance_work_orders_raw,WO-2025-002224,Orphan equipment reference,High,1
WO-2025-003115,2025-02-28 11:05:00,103115,"",2025-03-02 02:05:00,2025-03-06 03:05:00,2825.99,1692.82,0.00,4518.81,V9536,Superior Body Shop,EXCLUDED_REVIEW_REQUIRED,2026-05-29 14:00:10,raw.maintenance_work_orders_raw,WO-2025-003115,Missing equipment number,High,1
WO-2026-003731,2024-06-08 03:30:00,103731,10031,2024-06-08 22:30:00,2024-06-06 06:30:00,2060.22,1122.90,0.00,3183.12,"",Reliable Truck Service,EXCLUDED_REVIEW_REQUIRED,2026-05-29 14:00:10,raw.maintenance_work_orders_raw,WO-2026-003731,Closed date before open date,High,1
WO-2025-002431,2025-09-12 06:05:00,102431,99872,09/13/2025 19:05,2025-09-17 05:05:00,2646.38,1433.93,0.00,4080.31,V2003,Lakeshore Automotive,EXCLUDED_REVIEW_REQUIRED,2026-05-29 14:00:10,raw.maintenance_work_orders_raw,WO-2025-002431,Orphan equipment reference,High,1
WO-2025-001627,2025-02-02 19:00:00,101627,99875,2025-02-04 01:00:00,2025-02-09 14:00:00,1661.56,1079.74,546.28,3287.58,V2012,Premier Collision Center,EXCLUDED_REVIEW_REQUIRED,2026-05-29 14:00:10,raw.maintenance_work_orders_raw,WO-2025-001627,Orphan equipment reference,High,1
WO-2024-002097,2024-02-25 02:30:00,102097,99424,2024-02-26 07:30:00,2024-03-03 14:30:00,977.72,1861.38,0.00,2907.09,V2039,Premier Collision Center,EXCLUDED_REVIEW_REQUIRED,2026-05-29 14:00:10,raw.maintenance_work_orders_raw,WO-2024-002097,Orphan equipment reference,High,1
WO-2026-003032,2024-08-21 04:05:00,103032,99345,2024-08-22 18:05:00,2024-08-25 17:05:00,1769.71,1398.63,0.00,3168.34,V2057,City Wide Tire and Brake,EXCLUDED_REVIEW_REQUIRED,2026-05-29 14:00:10,raw.maintenance_work_orders_raw,WO-2026-003032,Orphan equipment reference,High,1
WO-2025-003571,2024-04-19 23:15:00,103571,99480,2024-04-21 11:15:00,2024-04-25 12:15:00,675.04,1793.97,726.34,3195.35,V2029,Interstate Repair Depot,EXCLUDED_REVIEW_REQUIRED,2026-05-29 14:00:10,raw.maintenance_work_orders_raw,WO-2025-003571,Orphan equipment reference,High,1
WO-2024-001053,2024-01-25 16:45:00,101053,10148,2024-01-26 21:45:00,2024-01-28 18:45:00,802.90,2019.22,0.00,2822.12,V2067,Partner Mobile Mechanics,EXCLUDED_REVIEW_REQUIRED,2026-05-29 14:00:10,raw.maintenance_work_orders_raw,WO-2024-001053,Duplicate work order number,High,1
WO-2024-001053,2024-01-25 16:45:00,101053,10148,2024-01-26 21:45:00,2024-01-28 18:45:00,802.90,2019.22,0.00,2822.12,V2067,Partner Mobile Mechanics,EXCLUDED_REVIEW_REQUIRED,2026-05-29 14:00:10,raw.maintenance_work_orders_raw,WO-2024-001053,Duplicate work order number,High,1
WO-2024-001809,2024-05-22 11:45:00,101809,99309,2024-05-22 12:45:00,2024-05-26 21:45:00,2640.88,1318.85,0.00,3959.73,V2055,Allied Mechanics,EXCLUDED_REVIEW_REQUIRED,2026-05-29 14:00:10,raw.maintenance_work_orders_raw,WO-2024-001809,Orphan equipment reference,High,1
WO-2024-002007,2024-04-18 07:20:00,102007,99131,2024-04-20 02:20:00,2024-05-04 17:20:00,1050.89,"",0.00,2561.09,"",Universal Fleet Solutions,EXCLUDED_REVIEW_REQUIRED,2026-05-29 14:00:10,raw.maintenance_work_orders_raw,WO-2024-002007,Orphan equipment reference,High,1
WO-2026-002813,2025-12-19 17:30:00,102813,10076,12/21/2025 07:30,2025-12-24 07:30:00,-2304.79,$99.00,0.00,2403.79,V2041,Evergreen Battery Supply,EXCLUDED_REVIEW_REQUIRED,2026-05-29 14:00:10,raw.maintenance_work_orders_raw,WO-2026-002813,Maintenance cost validation issue,High,1
WO-2026-003488,2024-06-12 05:05:00,103488,10385,2024-06-13 13:05:00,2024-06-12 09:05:00,1126.46,392.00,679.12,2197.58,"",Industrial Equipment Repair,EXCLUDED_REVIEW_REQUIRED,2026-05-29 14:00:10,raw.maintenance_work_orders_raw,WO-2026-003488,Closed date before open date,High,1
WO-2024-003801,02/16/2026 01:45,103801,99673,02/16/2026 07:45,2026-02-22 12:45:00,"$1,282.12",1606.01,1068.07,3956.20,V2070,Premier Collision Center,EXCLUDED_REVIEW_REQUIRED,2026-05-29 14:00:10,raw.maintenance_work_orders_raw,WO-2024-003801,Orphan equipment reference,High,1
WO-2024-001440,2024-01-26 07:45:00,101440,"",2024-01-27 06:45:00,2024-01-30 16:45:00,722.32,930.41,649.96,2302.69,V2006,FleetPro Service Center,EXCLUDED_REVIEW_REQUIRED,2026-05-29 14:00:10,raw.maintenance_work_orders_raw,WO-2024-001440,Missing equipment number,High,1
WO-2025-001873,2025-02-03 14:05:00,101873,10090,2025-02-03 19:05:00,2025-02-10 05:05:00,-2180.64,2119.39,0.00,4300.03,V2044,Green Charge,EXCLUDED_REVIEW_REQUIRED,2026-05-29 14:00:10,raw.maintenance_work_orders_raw,WO-2025-001873,Maintenance cost validation issue,High,1
WO-2025-002728,2024-07-20 12:15:00,102728,"",2024-07-22 03:15:00,2024-07-25 18:15:00,3414.20,165.70,132.31,3712.21,V2033,Precision Hydraulics,EXCLUDED_REVIEW_REQUIRED,2026-05-29 14:00:10,raw.maintenance_work_orders_raw,WO-2025-002728,Missing equipment number,High,1
WO-2025-000787,2025-12-16 18:45:00,100787,10173,2025-12-17 21:45:00,12/16/2025 08:45,1904.12,492.51,$77.35,2473.98,V2014,Unknown Vendor,EXCLUDED_REVIEW_REQUIRED,2026-05-29 14:00:10,raw.maintenance_work_orders_raw,WO-2025-000787,Closed date before open date,High,1
WO-2025-000994,2024-03-09 13:10:00,100994,99831,2024-03-09 14:10:00,2024-03-15 10:10:00,1768.52,1203.00,0.00,2971.52,V2008,Reliable Truck Service,EXCLUDED_REVIEW_REQUIRED,2026-05-29 14:00:10,raw.maintenance_work_orders_raw,WO-2025-000994,Orphan equipment reference,High,1
WO-2024-001650,2024-11-12 12:20:00,101650,"",2024-11-12 20:20:00,2024-11-18 12:20:00,3238.08,79.91,582.52,3900.51,V2006,City Wide Tire and Brake,EXCLUDED_REVIEW_REQUIRED,2026-05-29 14:00:10,raw.maintenance_work_orders_raw,WO-2024-001650,Missing equipment number,High,1
WO-2025-002398,2024-01-21 00:45:00,102398,99298,2024-01-22 23:45:00,2024-01-27 13:45:00,2935.06,849.06,0.00,3784.12,V2013,Industrial Equipment Repair,EXCLUDED_REVIEW_REQUIRED,2026-05-29 14:00:10,raw.maintenance_work_orders_raw,WO-2025-002398,Orphan equipment reference,High,1
WO-2026-001343,05/12/2025 16:45,101343,99259,2025-05-12 20:45:00,2025-05-18 10:45:00,1072.33,2489.55,594.32,4156.20,V2063,GreenCharge EV Supply,EXCLUDED_REVIEW_REQUIRED,2026-05-29 14:00:10,raw.maintenance_work_orders_raw,WO-2026-001343,Orphan equipment reference,High,1
WO-2024-003039,2025-08-13 00:00:00,103039,99468,2025-08-14 20:00:00,2025-08-16 05:00:00,277.30,2066.35,0.00,"$2,622.46",V2069,FleetPro Service Center,EXCLUDED_REVIEW_REQUIRED,2026-05-29 14:00:10,raw.maintenance_work_orders_raw,WO-2024-003039,Orphan equipment reference,High,1
WO-2026-002432,2025-04-11 05:20:00,102432,"",04/11/2025 12:20,2025-04-16 00:20:00,3578.75,796.25,0.00,"$4,375.00",V2005,RoadReady Repairs,EXCLUDED_REVIEW_REQUIRED,2026-05-29 14:00:10,raw.maintenance_work_orders_raw,WO-2026-002432,Missing equipment number,High,1
WO-2024-001947,2024-04-20 06:00:00,101947,10148,2024-04-22 02:00:00,2024-04-28 07:00:00,$-32.88,1653.30,0.00,1686.18,V2006,FleetPro Service Center,EXCLUDED_REVIEW_REQUIRED,2026-05-29 14:00:10,raw.maintenance_work_orders_raw,WO-2024-001947,Maintenance cost validation issue,High,1
WO-2026-003899,2026-03-16 17:30:00,103899,10297,2026-03-17 05:30:00,2026-03-21 12:30:00,-188.06,739.17,117.53,1044.76,V2006,City Wide Tire and Brake,EXCLUDED_REVIEW_REQUIRED,2026-05-29 14:00:10,raw.maintenance_work_orders_raw,WO-2026-003899,Maintenance cost validation issue,High,1
